y_true,y_pred_lstm
30.379,31.048515
30.384,31.050333
30.392,31.05591
30.396,31.057467
30.396,31.065336
30.415,31.06761
30.423,31.06795
30.42,31.069115
30.423,31.072426
30.414,31.073275
30.404,31.073881
30.411,31.075607
30.424,31.077015
30.43,31.078043
30.404,31.07751
30.413,31.071386
30.437,31.07142
30.429,31.07135
30.438,31.068993
30.439,31.064583
30.43,31.058847
30.424,31.053091
30.436,31.045197
30.406,31.038013
30.434,31.028038
30.431,31.020418
30.411,31.01074
30.344,31.003038
30.347,30.993698
30.371,30.987715
30.383,30.983154
30.399,30.980879
30.387,30.977568
30.424,30.975048
30.413,30.97391
30.415,30.973665
30.435,30.976784
30.426,30.976118
30.426,30.97562
30.428,30.973274
30.418,30.96572
30.419,30.959873
30.423,30.960213
30.421,30.95637
30.422,30.95269
30.408,30.949707
30.409,30.947187
30.412,30.942287
30.41,30.93563
30.402,30.930506
30.367,30.92509
30.356,30.920652
30.28,30.921318
30.285,30.92134
30.303,30.917877
30.365,30.916903
30.389,30.921677
30.406,30.923754
30.397,30.92528
30.416,30.928314
30.402,30.9298
30.411,30.935476
30.391,30.9385
30.353,30.938843
30.325,30.934921
30.304,30.935362
30.288,30.939367
30.335,30.941544
30.344,30.937727
30.345,30.933546
30.342,30.930372
30.322,30.925753
30.311,30.91879
30.314,30.912449
30.318,30.906902
30.336,30.91708
30.348,30.91859
30.344,30.918724
30.342,30.916111
30.356,30.915184
30.373,30.914648
30.377,30.91395
30.38,30.915901
30.396,30.9184
30.407,30.921356
30.408,30.922915
30.414,30.930834
30.412,30.92956
30.425,30.934093
30.424,30.936127
30.429,30.942257
30.423,30.943838
30.433,30.941696
30.446,30.940163
30.438,30.937967
30.453,30.935772
30.444,30.931648
30.446,30.928389
30.455,30.923857
30.27,30.917582
30.072,30.911755
30.145,30.918854
30.249,30.921436
30.331,30.932646
30.374,30.937212
30.387,30.94303
30.407,30.948677
30.422,30.952698
30.421,30.957571
30.439,30.963207
30.444,30.965816
30.447,30.968292
30.456,30.968979
30.473,30.967257
30.495,30.961533
30.492,30.955683
30.493,30.950878
30.491,30.945705
30.514,30.940376
30.507,30.935484
30.513,30.930498
30.512,30.924168
30.524,30.919035
30.531,30.913074
30.544,30.912172
30.537,30.907923
30.529,30.908388
30.536,30.904852
30.536,30.903976
30.537,30.91368
30.545,30.920591
30.542,30.92613
30.553,30.931116
30.549,30.939157
30.56,30.943365
30.552,30.948221
30.562,30.952875
30.532,30.954926
30.519,30.954145
30.519,30.957531
30.516,30.975092
30.519,30.980742
30.52,30.983213
30.51,30.98767
30.531,30.990967
30.508,30.991507
30.47,30.989197
30.436,30.98553
30.384,30.981197
30.364,30.976192
30.365,30.981955
30.384,30.983847
30.419,30.983976
30.444,30.982523
30.441,30.983
30.453,30.984282
30.447,30.984648
30.468,30.985188
30.465,30.985218
30.479,30.983326
30.467,30.980051
30.49,30.977568
30.489,30.978647
30.508,30.974745
30.499,30.97
30.513,30.966658
30.505,30.962172
30.499,30.956133
30.504,30.964466
30.51,30.966105
30.532,30.966412
30.545,30.963343
30.547,30.965498
30.55,30.97538
30.544,30.976618
30.542,30.982542
30.544,30.98549
30.549,30.988462
30.558,30.99211
30.565,30.994976
30.557,30.993868
30.571,30.99348
30.568,30.994522
30.129,30.994442
29.947,30.992846
30.043,30.989891
30.129,30.988798
30.207,30.99946
30.278,30.996925
30.278,30.992136
30.299,30.985708
30.332,30.979881
30.319,30.971663
30.321,30.964123
30.343,30.959017
30.367,30.955194
30.311,30.950531
30.312,30.94487
30.306,30.939522
30.254,30.931345
30.197,30.92718
30.08,30.929707
30.09,30.931278
30.137,30.9329
30.178,30.933857
30.22,30.93481
30.141,30.93582
30.034,30.938095
29.897,30.936691
29.868,30.936178
29.946,30.9348
30.011,30.927782
30.087,30.93147
30.079,30.925228
30.083,30.920052
30.081,30.913761
30.068,30.906466
29.955,30.900635
29.823,30.897276
29.836,30.89246
29.832,30.888802
29.8,30.897608
29.817,30.906929
29.736,30.911795
29.759,30.9103
29.89,30.910376
29.882,30.919943
29.896,30.923746
30.014,30.927582
29.931,30.945217
29.884,30.953321
29.885,30.95878
30.005,30.959782
30.052,30.956924
30.057,30.952106
30.082,30.94362
30.081,30.93603
30.124,30.929714
30.123,30.921492
30.142,30.931555
30.149,30.934061
30.16225,30.932323
30.1755,30.930065
30.18875,30.93014
30.202,30.929852
30.222,30.924076
30.23,30.921558
30.247,30.92142
30.245,30.922493
30.199,30.92347
30.195,30.92364
30.205,30.922867
30.213,30.923199
30.232,30.93464
30.24,30.95666
30.172,30.974703
30.077,30.986488
30.086,30.994238
30.064,31.000315
30.104,30.999638
30.149,30.996218
30.195,30.992641
30.208,30.996395
30.214,30.994596
30.252,30.993273
30.271,30.988033
30.278,30.986992
30.299,30.985376
30.293,30.98082
30.3,30.97847
30.255,30.977327
30.17,30.977583
30.222,30.976645
30.093,30.976732
29.919,30.977434
29.985,30.985443
30.05,30.987663
30.075,30.988344
29.963,30.984568
29.925,30.97821
29.977,30.972609
30.033,30.96551
30.074,30.96294
30.086,30.958233
30.125,30.972223
30.141,30.97984
30.152,30.982275
30.164,30.974836
30.173,30.971537
30.193,30.968
30.827143,30.960953
30.825714,30.95638
30.824286,30.954279
30.822857,30.955194
30.821428,30.954899
30.82,30.957184
30.818571,30.957563
30.817142,30.958994
30.815714,30.963377
30.814285,30.965715
30.812857,30.96912
30.811428,30.97162
30.81,30.972013
30.810833,30.971027
30.811666,30.96756
30.8125,30.964205
30.813334,30.959917
30.814167,30.95465
30.815,30.944405
30.819,30.935898
30.819,30.927944
30.819,30.918274
30.819,30.9242
30.819,30.921175
30.819,30.917517
30.819,30.918839
30.818,30.921011
30.819334,30.92134
30.820667,30.919933
30.822,30.921314
30.823334,30.935595
30.824667,30.940798
30.826,30.946432
30.824,30.952112
30.824278,30.951965
30.824556,30.950148
30.824835,30.945934
30.825113,30.941647
30.825392,30.9364
30.82567,30.944878
30.825949,30.946371
30.826227,30.945536
30.826506,30.947319
30.826782,30.945295
30.82706,30.939571
30.82734,30.930908
30.827618,30.923798
30.827896,30.919153
30.828175,30.911013
30.828453,30.918972
30.828732,30.933336
30.82901,30.957235
30.829288,30.973192
30.829567,30.984766
30.829844,31.000046
30.830122,31.013216
30.8304,31.021534
30.830679,31.028976
30.830679,31.036024
30.830679,31.040758
30.830957,31.062319
30.831236,31.07342
30.831514,31.080362
30.831795,31.08295
30.832073,31.084679
30.832352,31.08965
30.83263,31.08603
30.832909,31.083834
30.833187,31.08141
30.833466,31.079542
30.833744,31.077452
30.834023,31.074669
30.834303,31.088108
30.834581,31.096298
30.83486,31.103958
30.835138,31.111738
30.835417,31.118132
30.835695,31.122854
30.835974,31.12721
30.836252,31.13169
30.83653,31.148375
30.836811,31.159018
30.83709,31.177303
30.837368,31.170137
30.837368,31.174793
30.837368,31.19313
30.837368,31.197084
30.837368,31.197289
30.837368,31.2123
30.837368,31.223083
30.837368,31.226612
30.837368,31.225655
30.837368,31.22789
30.837368,31.228449
30.837368,31.21319
30.837368,31.206173
30.837368,31.201515
30.837368,31.197817
30.837368,31.193216
30.837368,31.191036
30.837368,31.186209
30.837368,31.18419
30.837368,31.182657
30.837368,31.182705
30.837368,31.17918
30.837368,31.178093
30.837368,31.177265
30.837368,31.179453
30.837368,31.180422
30.837368,31.180222
30.837368,31.181631
30.837368,31.18639
30.837368,31.18194
30.837368,31.178116
30.837368,31.172653
30.837368,31.168331
30.837368,31.170784
30.837368,31.167454
30.837368,31.165794
30.837368,31.16398
30.837368,31.163054
30.837368,31.162727
30.837368,31.159077
30.837368,31.15615
30.837368,31.155296
30.837368,31.155603
30.837368,31.156515
30.837368,31.158644
30.837368,31.155485
30.837368,31.154568
30.837368,31.159735
30.837368,31.160894
31.237,31.160929
31.237,31.164816
31.237,31.164276
31.237,31.161505
31.237,31.154564
31.237,31.148773
31.237,31.143541
31.237,31.13725
31.237,31.13023
31.237,31.12445
31.237,31.119669
31.237,31.115839
31.237,31.127613
31.237,31.129883
31.237,31.130798
31.237,31.129248
31.237,31.130592
31.237,31.132395
31.237,31.13292
31.237,31.135288
31.237,31.136206
31.237,31.137661
31.237,31.138117
31.237,31.139963
31.237,31.137362
31.237,31.135323
31.237,31.134022
31.237,31.131094
31.237,31.126024
31.237,31.121685
31.237,31.117373
31.237,31.113228
31.237,31.108156
31.237,31.103954
31.237,31.100374
31.237,31.097063
31.237,31.091871
31.237,31.089357
31.237,31.088108
31.237,31.087658
31.237,31.099827
31.237,31.106838
31.237,31.118729
31.237,31.125315
31.237,31.131449
31.237,31.136572
31.237,31.139734
31.237,31.143194
31.237,31.161545
31.235964,31.16907
31.234926,31.174616
31.233889,31.180382
31.232851,31.183
31.231815,31.185913
31.230778,31.18784
31.22974,31.189327
31.228704,31.189445
31.227667,31.189243
31.22663,31.18844
31.225592,31.187119
31.224556,31.205456
31.223518,31.196245
31.22248,31.194162
31.221445,31.206305
31.220407,31.208574
31.21937,31.208618
31.218334,31.20034
31.217297,31.20139
31.216259,31.20244
31.215221,31.202803
31.214186,31.203297
31.213148,31.204727
31.21211,31.194431
31.21211,31.1902
31.21211,31.188286
31.209,31.187517
31.209238,31.18649
31.209476,31.18602
31.209715,31.187078
31.209953,31.187332
31.21019,31.186674
31.210428,31.185188
31.210667,31.183409
31.210905,31.181095
31.211143,31.174438
31.21138,31.17472
31.211618,31.173607
31.211857,31.171804
31.212095,31.166897
31.212334,31.16547
31.212572,31.162115
31.212809,31.159727
31.213047,31.15828
31.213285,31.157839
31.213524,31.158165
31.213762,31.158579
31.214,31.160118
31.211533,31.166586
31.209066,31.170969
31.2066,31.17451
31.204134,31.176786
31.201666,31.178581
31.1992,31.179579
31.196733,31.179693
31.194267,31.179558
31.1918,31.17877
31.189333,31.178797
31.186867,31.177666
31.1844,31.179195
31.181932,31.175732
31.179466,31.172108
31.177,31.168608
31.1775,31.1636
31.178,31.16091
31.1785,31.15737
31.179,31.154676
31.1795,31.15245
31.18,31.151276
31.182,31.15119
31.181,31.151627
31.18,31.152529
31.179,31.15303
31.178,31.154442
31.177,31.156132
31.176,31.157495
31.166,31.158958
31.166,31.15938
31.166,31.159801
31.166,31.15839
31.166,31.156897
31.166,31.15441
31.166,31.15142
31.164,31.145962
31.164143,31.142506
31.164286,31.13948
31.164429,31.147488
31.164572,31.151405
31.164715,31.153187
31.164858,31.153212
31.165,31.154547
31.164833,31.156223
31.164667,31.156546
31.1645,31.163881
31.164333,31.16952
31.164167,31.174103
31.164,31.17689
31.166,31.180658
31.1705,31.183464
31.175,31.185219
31.1795,31.18714
31.184,31.18877
31.1885,31.19112
31.193,31.191929
31.19,31.192022
31.188833,31.190521
31.187666,31.188656
31.1865,31.186453
31.185333,31.183409
31.184166,31.180737
31.183,31.175566
31.177,31.171741
31.176167,31.168442
31.175333,31.16591
31.1745,31.163729
31.173666,31.16605
31.172832,31.166878
31.172,31.166794
31.174,31.166637
31.176666,31.167812
31.179333,31.168922
31.182,31.169704
31.184668,31.17125
31.187334,31.172857
31.19,31.173708
31.19,31.17465
31.188,31.176826
31.186,31.176918
31.184,31.176313
31.182,31.174839
31.18,31.17292
31.178,31.17065
31.176,31.16778
31.175833,31.165138
31.175667,31.160059
31.1755,31.156557
31.175333,31.153667
31.175167,31.151209
31.175,31.151087
31.173,31.150133
31.173166,31.149935
31.173334,31.14847
31.1735,31.148693
31.173666,31.149712
31.173834,31.150948
31.174,31.152727
31.174,31.154745
31.173334,31.156742
31.172667,31.158422
31.172,31.159746
31.171333,31.16167
31.170666,31.161434
31.17,31.160976
31.170286,31.160625
31.170572,31.159147
31.170856,31.16098
31.171143,31.160303
31.171429,31.159172
31.171715,31.155537
31.172,31.152802
31.17,31.150621
31.173,31.14826
31.176,31.145504
31.179,31.142757
31.182,31.1417
31.185,31.140688
31.188,31.140537
31.187,31.144949
31.185667,31.15309
31.184334,31.158052
31.183,31.161228
31.181667,31.163515
31.180334,31.166065
31.179,31.170895
31.173,31.172802
31.172333,31.174114
31.171667,31.173925
31.171,31.172802
31.170334,31.173038
31.169666,31.170248
31.169,31.166243
31.169,31.16247
31.171309,31.159391
31.173615,31.1567
31.175922,31.154213
31.17823,31.151394
31.180538,31.148966
31.182846,31.147066
31.185154,31.146238
31.187462,31.146282
31.18977,31.146679
31.192078,31.146755
31.194386,31.146723
31.196692,31.147928
31.199,31.149572
31.200571,31.15126
31.202143,31.153116
31.203714,31.161072
31.205286,31.16609
31.206858,31.171465
31.20843,31.177753
31.21,31.180592
31.206,31.180595
31.202333,31.177082
31.198668,31.17506
31.195,31.172853
31.191334,31.170115
31.187666,31.167517
31.184,31.165478
31.18,31.163172
31.181154,31.161272
31.182308,31.159601
31.183462,31.158098
31.184616,31.157894
31.18577,31.159573
31.186924,31.16003
31.188076,31.160894
31.18923,31.162008
31.190384,31.16972
31.191538,31.174442
31.192692,31.178104
31.193846,31.178951
31.195,31.17985
31.192,31.179527
31.189333,31.17655
31.186666,31.174284
31.184,31.17143
31.181334,31.168053
31.178667,31.164776
31.176,31.16162
31.173,31.157322
31.172714,31.153803
31.172428,31.15081
31.172142,31.148453
31.171858,31.146868
31.171572,31.145939
31.171286,31.145758
31.171,31.14625
31.170713,31.147133
31.17043,31.148056
31.170143,31.149017
31.169857,31.15064
31.16957,31.151249
31.169285,31.152214
31.169,31.153334
31.168715,31.152126
31.168428,31.151772
31.168142,31.15078
31.167856,31.148523
31.167572,31.151453
31.167286,31.150858
31.167,31.148808
31.167334,31.15197
31.167667,31.151575
31.168,31.150042
31.168333,31.146856
31.168667,31.145107
31.169,31.143822
31.166,31.14237
31.166334,31.142103
31.166666,31.142454
31.167,31.141783
31.167334,31.142414
31.167667,31.14366
31.168,31.143557
31.172,31.146109
31.174286,31.14646
31.17657,31.147835
31.178858,31.150352
31.181143,31.15148
31.183428,31.152248
31.185715,31.154465
31.188,31.154205
31.186924,31.151937
31.185846,31.149254
31.184769,31.14869
31.183693,31.14569
31.182615,31.141619
31.181538,31.142942
31.180462,31.142498
31.179384,31.141756
31.178308,31.140263
31.17723,31.139698
31.176153,31.138788
31.175077,31.138086
31.174,31.138485
31.171,31.139698
31.171715,31.14133
31.172428,31.143435
31.173143,31.145758
31.173857,31.147827
31.174572,31.149427
31.175285,31.15102
31.176,31.151894
31.1725,31.152624
31.169,31.151886
31.1655,31.150822
31.162,31.148697
31.1585,31.146486
31.155,31.148808
31.156,31.147728
31.155333,31.145824
31.154667,31.141901
31.154,31.139288
31.153334,31.137148
31.152666,31.134472
31.152,31.13315
31.157,31.132622
31.156713,31.1328
31.15643,31.13362
31.156143,31.134945
31.155857,31.135757
31.155571,31.137321
31.155285,31.139627
31.155,31.141346
31.1595,31.14295
31.164,31.144258
31.1685,31.1451
31.173,31.146553
31.1775,31.146631
31.182,31.149427
31.181,31.146711
31.178833,31.145315
31.176666,31.14421
31.1745,31.140858
31.172333,31.137976
31.170166,31.132957
31.168,31.130138
31.166,31.127846
31.167,31.126068
31.168,31.126486
31.169,31.12505
31.17,31.123016
31.171,31.124226
31.172,31.126009
31.173,31.126919
31.174,31.127956
31.175,31.130478
31.176,31.132513
31.177,31.134243
31.178,31.135275
31.179,31.136217
31.19,31.135366
31.1895,31.134443
31.189,31.133013
31.1885,31.131605
31.188,31.12893
31.1875,31.124823
31.187,31.121153
31.188,31.117668
31.187834,31.113682
31.187666,31.110386
31.1875,31.107325
31.187334,31.105688
31.187166,31.104044
31.187,31.104824
31.186,31.106401
31.185,31.108353
31.184,31.111258
31.183,31.113525
31.182,31.116268
31.181,31.118412
31.18,31.12064
31.179571,31.128382
31.179142,31.1328
31.178715,31.135315
31.178286,31.136402
31.177856,31.136135
31.17743,31.136154
31.177,31.134207
31.174,31.132677
31.174667,31.129953
31.175333,31.127182
31.176,31.124228
31.176666,31.12149
31.177334,31.1176
31.178,31.114761
31.18,31.112783
31.1795,31.11181
31.179,31.111235
31.1785,31.11116
31.178,31.11176
31.1775,31.11296
31.177,31.123522
31.178,31.126986
31.177713,31.131413
31.17743,31.137463
31.177143,31.141674
31.176857,31.144857
31.17657,31.144384
31.176285,31.145315
31.176,31.14563
31.177834,31.144812
31.179667,31.14733
31.1815,31.147755
31.183332,31.143597
31.185167,31.160137
31.187,31.165009
31.191,31.166977
31.191334,31.163294
31.191668,31.162655
31.192,31.162455
31.192333,31.160334
31.192667,31.161304
31.193,31.162085
31.192142,31.163319
31.191286,31.165127
31.190428,31.16614
31.189571,31.162828
31.188715,31.162817
31.187857,31.16391
31.187,31.164433
31.185858,31.165482
31.184713,31.166262
31.18357,31.166786
31.182428,31.166716
31.181286,31.16601
31.180143,31.163378
31.179,31.16065
31.181,31.157776
31.181,31.150503
31.181,31.145918
31.181,31.141901
31.181,31.138468
31.181,31.135492
31.181,31.133194
31.179,31.133478
31.181833,31.133215
31.184668,31.134066
31.1875,31.134819
31.190332,31.136253
31.193167,31.137709
31.196,31.153519
31.194,31.163664
31.192667,31.170706
31.191334,31.173527
31.19,31.176893
31.188667,31.179909
31.187334,31.179543
31.186,31.17985
31.185,31.179768
31.185364,31.178219
31.185728,31.17648
31.18609,31.174347
31.186455,31.168486
31.18682,31.164047
31.187181,31.159826
31.187546,31.15638
31.187908,31.153622
31.188272,31.15156
31.188637,31.14973
31.189,31.149103
31.189363,31.148844
31.189728,31.149443
31.19009,31.150795
31.190454,31.15142
31.190819,31.149183
31.191181,31.161768
31.191545,31.169014
31.19191,31.17391
31.192272,31.176165
31.192636,31.178915
31.193,31.181227
31.193363,31.18024
31.193727,31.179808
31.193727,31.178522
31.193727,31.218102
31.194117,31.23109
31.194504,31.233692
31.194893,31.22683
31.195282,31.224857
31.195671,31.223463
31.19606,31.217325
31.196447,31.216099
31.196836,31.215714
31.197226,31.215492
31.197615,31.21604
31.198004,31.217451
31.198391,31.20723
31.19878,31.2068
31.19917,31.202477
31.199558,31.202566
31.199947,31.205688
31.200335,31.207584
31.200724,31.208874
31.201113,31.208744
31.201502,31.20945
31.20189,31.209066
31.202278,31.208086
31.202667,31.206722
31.203056,31.195988
31.203056,31.188633
31.203056,31.18373
31.203056,31.179634
31.203056,31.175688
31.205,31.172184
31.201,31.169062
31.2035,31.168056
31.206,31.166542
31.2085,31.165455
31.211,31.16459
31.2135,31.164642
31.216,31.165068
31.212,31.165333
31.208834,31.169683
31.205667,31.168549
31.2025,31.168545
31.199333,31.16808
31.196167,31.1684
31.193,31.168116
31.213,31.167465
31.212,31.166893
31.211,31.165884
31.21,31.164373
31.209,31.15785
31.208,31.153082
31.207,31.14683
31.205,31.142162
31.205833,31.1377
31.206667,31.135887
31.2075,31.13455
31.208334,31.13247
31.209167,31.13079
31.21,31.129698
31.206,31.128958
31.208334,31.129055
31.210667,31.12978
31.213,31.131779
31.215334,31.13269
31.217667,31.13493
31.22,31.137802
31.208,31.139513
31.209,31.144035
31.21,31.145994
31.211,31.147263
31.212,31.146786
31.213,31.146168
31.214,31.145056
31.209,31.140064
31.208,31.136948
31.207,31.134089
31.206,31.129875
31.205,31.126118
31.204,31.122484
31.203,31.118582
31.202,31.115755
31.201,31.113934
31.2,31.11296
31.199,31.112827
31.198,31.113426
31.197,31.11455
31.196,31.1257
31.202,31.132374
31.2015,31.136816
31.201,31.139769
31.2005,31.143246
31.2,31.145454
31.1995,31.145744
31.199,31.146822
31.205,31.147274
31.204,31.147018
31.203,31.145529
31.202,31.143782
31.201,31.140348
31.2,31.136889
31.199,31.133533
31.201,31.130503
31.2015,31.127668
31.202,31.12539
31.2025,31.122942
31.203,31.12173
31.2035,31.121195
31.204,31.121443
31.201,31.122335
31.203333,31.1238
31.205667,31.123423
31.208,31.123999
31.210333,31.124931
31.212667,31.125582
31.215,31.126646
31.202,31.127064
31.199167,31.126907
31.196333,31.126926
31.1935,31.126312
31.190666,31.125109
31.187834,31.123339
31.185,31.121084
31.186,31.118486
31.1835,31.115673
31.181,31.11274
31.1785,31.110064
31.176,31.122107
31.1735,31.125515
31.171,31.127218
31.18,31.126608
31.179333,31.127665
31.178667,31.132812
31.178,31.134298
31.177334,31.137053
31.176666,31.137295
31.176,31.1393
31.174,31.1415
31.177,31.143337
31.18,31.141357
31.183,31.140902
31.186,31.141449
31.189,31.143734
31.192,31.142994
31.191,31.141834
31.1885,31.141752
31.186,31.140152
31.1835,31.137754
31.181,31.13428
31.1785,31.131582
31.176,31.128933
31.173,31.123564
31.173334,31.120522
31.173666,31.118042
31.174,31.114964
31.174334,31.113161
31.174667,31.112406
31.175,31.109173
31.178,31.10907
31.176666,31.10909
31.175333,31.109728
31.174,31.110903
31.172667,31.111897
31.171333,31.112743
31.17,31.113607
31.171,31.114088
31.1725,31.11945
31.174,31.121153
31.1755,31.120407
31.177,31.120186
31.1785,31.117577
31.18,31.115522
31.179,31.113926
31.1785,31.111814
31.178,31.109676
31.1775,31.10544
31.177,31.103127
31.1765,31.101383
31.176,31.098785
31.171,31.097683
31.166834,31.09706
31.162666,31.096199
31.1585,31.096619
31.154333,31.097769
31.150167,31.099394
31.146,31.103186
31.146,31.10609
31.143333,31.110504
31.140667,31.113348
31.138,31.115566
31.135334,31.11613
31.132668,31.115547
31.13,31.114668
31.132,31.112728
31.1685,31.132114
31.205,31.152868
31.2415,31.145817
31.278,31.155655
31.3145,31.146933
31.351,31.131472
31.342,31.139313
31.326666,31.135508
31.311333,31.125189
31.296,31.119661
31.280666,31.11626
31.265333,31.113934
31.25,31.142048
31.374,31.140144
31.370832,31.12833
31.367666,31.12509
31.3645,31.125397
31.361334,31.124754
31.358166,31.12414
31.355,31.123142
31.248,31.125843
31.265667,31.126406
31.283333,31.125677
31.301,31.12494
31.318666,31.148098
31.336334,31.148115
31.354,31.136465
31.228,31.129883
31.2285,31.124826
31.229,31.120422
31.2295,31.117119
31.23,31.11473
31.2305,31.113161
31.231,31.112366
31.229,31.1122
31.250334,31.112772
31.271667,31.113903
31.293,31.115492
31.314333,31.117407
31.335667,31.119015
31.357,31.12056
31.241,31.123726
31.2605,31.125965
31.28,31.12717
31.2995,31.127462
31.319,31.12761
31.3385,31.127045
31.358,31.125374
31.359,31.123608
31.3405,31.1217
31.322,31.119661
31.3035,31.11771
31.285,31.115957
31.2665,31.113165
31.248,31.111336
31.254,31.110035
31.251833,31.112913
31.249666,31.11438
31.2475,31.115662
31.245333,31.117687
31.243166,31.119835
31.241,31.122385
31.234,31.124495
31.233667,31.1269
31.233334,31.129612
31.233,31.131842
31.232666,31.133297
31.232334,31.136585
31.232,31.13802
31.234,31.138083
31.233667,31.146734
31.233334,31.14828
31.233,31.149328
31.232666,31.146423
31.232334,31.14466
31.232,31.142935
31.231,31.139076
31.2525,31.136261
31.274,31.134151
31.2955,31.1323
31.317,31.130482
31.3385,31.129734
31.36,31.127333
31.357,31.126478
31.356,31.126816
31.355,31.128109
31.354,31.129875
31.353,31.13176
31.352,31.133696
31.351,31.135271
31.351,31.136627
31.353834,31.137192
31.356667,31.137413
31.3595,31.137259
31.362333,31.13468
31.365168,31.132532
31.368,31.130316
31.364,31.127834
31.362667,31.125174
31.361334,31.12319
31.36,31.121088
31.358667,31.118992
31.357334,31.117096
31.356,31.115814
31.163,31.11462
31.193832,31.11411
31.224667,31.128456
31.2555,31.120148
31.286333,31.122358
31.317167,31.141619
31.348,31.1501
31.173,31.156017
31.203167,31.154022
31.233334,31.158482
31.2635,31.16166
31.293667,31.163507
31.323833,31.164694
31.354,31.164886
31.349,31.15083
31.351667,31.143206
31.354334,31.137066
31.357,31.131563
31.359667,31.12649
31.362333,31.121664
31.365,31.117458
31.363,31.113926
31.329666,31.111088
31.296333,31.10909
31.263,31.110285
31.229666,31.11047
31.196333,31.110722
31.163,31.114174
31.154,31.117214
31.153667,31.119886
31.153334,31.121826
31.153,31.124195
31.152666,31.12645
31.152334,31.128378
31.152,31.129953
31.154,31.130873
31.153833,31.130526
31.153667,31.129856
31.1535,31.127495
31.153334,31.125156
31.153166,31.122587
31.153,31.120218
31.146,31.119291
31.151,31.11595
31.156,31.113579
31.161,31.113052
31.166,31.112473
31.171,31.111822
31.176,31.110434
31.175,31.110682
31.174667,31.1155
31.174334,31.120895
31.174,31.119804
31.173666,31.12185
31.173334,31.127014
31.173,31.129734
31.175,31.131634
31.174667,31.131626
31.174334,31.133028
31.174,31.133785
31.173666,31.143187
31.173334,31.145926
31.173,31.146194
31.176,31.140093
31.174,31.141264
31.172,31.136793
31.17,31.13291
31.168,31.13278
31.166,31.131031
31.164,31.133028
31.16,31.1319
31.162,31.132366
31.164,31.129139
31.166,31.128338
31.168,31.127865
31.17,31.129303
31.172,31.129845
31.179,31.13198
31.1775,31.134672
31.176,31.137278
31.1745,31.140163
31.173,31.149643
31.1715,31.154303
31.17,31.157085
31.163,31.155907
31.164833,31.156542
31.166666,31.156929
31.1685,31.155493
31.170334,31.153578
31.172167,31.153786
31.174,31.151575
31.182,31.157621
31.181168,31.161287
31.180334,31.159517
31.1795,31.159561
31.178667,31.15895
31.177834,31.158962
31.177,31.164122
31.175,31.168154
31.173166,31.180079
31.171333,31.18649
31.1695,31.191353
31.167667,31.194883
31.165833,31.197191
31.164,31.200008
31.161,31.199953
31.16,31.200802
31.159,31.20193
31.158,31.2019
31.157,31.20108
31.156,31.2025
31.155,31.201616
31.156,31.200363
31.160334,31.197344
31.164667,31.194513
31.169,31.191809
31.173334,31.188456
31.177668,31.187366
31.182,31.185019
31.179,31.18339
31.177668,31.182062
31.176332,31.180035
31.175,31.179342
31.173666,31.176878
31.172333,31.176586
31.171,31.177158
31.169,31.178219
31.171667,31.179195
31.174334,31.180626
31.177,31.18065
31.179667,31.181324
31.182333,31.190182
31.185,31.193327
31.18,31.195038
31.1775,31.194347
31.175,31.19367
31.1725,31.192854
31.17,31.189756
31.1675,31.18806
31.165,31.184656
31.159,31.182049
31.157833,31.178959
31.156666,31.176043
31.1555,31.172174
31.154333,31.169724
31.153166,31.166956
31.152,31.165758
31.147,31.165005
31.149834,31.16938
31.152666,31.171623
31.1555,31.172972
31.158333,31.173954
31.161167,31.175755
31.164,31.176897
31.169,31.17765
31.167,31.176811
31.165,31.176918
31.163,31.176579
31.161,31.17493
31.159,31.17309
31.157,31.169458
31.15,31.171165
31.170166,31.170149
31.190332,31.166838
31.2105,31.163153
31.230667,31.162325
31.250834,31.160717
31.271,31.158627
31.257,31.157255
31.253834,31.157162
31.250668,31.157389
31.2475,31.156317
31.244333,31.158108
31.241167,31.15782
31.238,31.158165
31.234,31.162561
31.231333,31.166826
31.228666,31.168966
31.226,31.16944
31.223333,31.168745
31.220667,31.169195
31.218,31.168873
31.216,31.167488
31.216667,31.165699
31.217333,31.161457
31.218,31.155205
31.218666,31.150633
31.219334,31.14645
31.22,31.143045
31.213,31.139013
31.212833,31.136076
31.212667,31.134073
31.2125,31.132555
31.212334,31.132008
31.212166,31.134605
31.212,31.136402
31.212,31.13762
31.2135,31.139761
31.215,31.14248
31.2165,31.145044
31.218,31.146826
31.2195,31.15953
31.221,31.162895
31.215,31.166431
31.217167,31.172829
31.219334,31.17551
31.2215,31.176468
31.223667,31.172901
31.225834,31.171627
31.228,31.169561
31.23,31.167267
31.229166,31.16513
31.228333,31.163128
31.2275,31.156715
31.226667,31.152891
31.225834,31.150267
31.225,31.148603
31.236,31.147228
31.232834,31.146214
31.229666,31.145899
31.2265,31.146742
31.223333,31.148224
31.220167,31.149643
31.217,31.151028
31.213,31.152576
31.212667,31.152458
31.212334,31.153503
31.212,31.15414
31.211666,31.15461
31.211334,31.154146
31.211,31.15303
31.213,31.15303
31.212833,31.15187
31.212667,31.149794
31.2125,31.147104
31.212334,31.1542
31.212166,31.157524
31.212,31.15854
31.209,31.157803
31.209333,31.158108
31.209667,31.158789
31.21,31.157887
31.210333,31.157843
31.210667,31.168226
31.211,31.174643
31.21,31.179693
31.2105,31.185034
31.211,31.189144
31.2115,31.192743
31.212,31.193974
31.2125,31.195704
31.213,31.197462
31.22,31.20119
31.222,31.203163
31.224,31.2038
31.226,31.201609
31.228,31.199528
31.23,31.19706
31.232,31.2005
31.235,31.19812
31.233,31.196121
31.231,31.194092
31.229,31.192665
31.227,31.191648
31.225,31.189554
31.223,31.18898
31.221,31.188837
31.218334,31.187244
31.215666,31.187296
31.213,31.188145
31.210333,31.187569
31.207666,31.188223
31.205,31.189362
31.204,31.191036
31.2045,31.195536
31.205,31.197506
31.2055,31.197605
31.206,31.19706
31.2065,31.196032
31.207,31.194242
31.201,31.192059
31.200834,31.190012
31.200666,31.186247
31.2005,31.181116
31.200333,31.177446
31.200167,31.17383
31.2,31.170046
31.201,31.167429
31.201334,31.165363
31.201666,31.16422
31.202,31.168337
31.202333,31.169085
31.202667,31.170397
31.203,31.171501
31.203,31.173271
31.203667,31.175419
31.204334,31.176926
31.205,31.178375
31.205667,31.179274
31.206333,31.180958
31.207,31.181604
31.208,31.181837
31.209333,31.180943
31.210667,31.179373
31.212,31.17745
31.213333,31.175112
31.214666,31.171648
31.216,31.167133
31.221,31.163301
31.222334,31.160063
31.223667,31.157354
31.225,31.155071
31.226334,31.153463
31.227667,31.152325
31.229,31.150799
31.225,31.148907
31.26017,31.14828
31.29534,31.148533
31.33051,31.14927
31.36568,31.15047
31.40085,31.15189
31.43602,31.152958
31.47119,31.153711
31.506361,31.154177
31.54153,31.154118
31.5767,31.153622
31.61187,31.15265
31.64704,31.151188
31.68221,31.149261
31.71738,31.179937
31.75255,31.194826
31.78772,31.203363
31.82289,31.20451
31.85806,31.207333
31.89323,31.209694
31.9284,31.206242
31.96357,31.206186
31.998741,31.207281
32.03391,31.20813
32.06908,31.210068
32.06908,31.21258
32.06908,31.211409
32.1043,31.21156
32.139523,31.212454
32.174744,31.213804
32.209965,31.224085
32.245186,31.233223
32.28041,31.238634
32.31563,31.24057
32.350853,31.241575
32.386074,31.242222
32.421295,31.241013
32.456516,31.24154
32.491737,31.233313
32.52696,31.227562
32.56218,31.223246
32.5974,31.229136
32.63262,31.228086
32.667843,31.22513
32.703068,31.222029
32.73829,31.220762
32.77351,31.228592
32.80873,31.23051
32.843952,31.232979
32.879173,31.234516
32.914394,31.23709
32.914394,31.240007
32.914394,31.241564
32.914394,31.242706
32.914394,31.242596
32.914394,31.242872
32.914394,31.243586
32.914394,31.244524
32.914394,31.24357
32.914394,31.242561
32.914394,31.24128
32.914394,31.240992
32.914394,31.233194
32.914394,31.228752
32.914394,31.225063
32.914394,31.219864
32.914394,31.21632
32.914394,31.213467
32.914394,31.212725
32.914394,31.21101
32.914394,31.208693
32.914394,31.208902
32.914394,31.209358
32.914394,31.209957
