y_true,y_pred_tft
30.434,1.8267034
30.431,1.7725588
30.411,1.7977719
30.344,1.7907394
30.347,1.2605852
30.371,0.96456426
30.383,0.69212735
30.399,0.79260695
30.387,0.697535
30.424,1.3569769
30.413,1.390168
30.415,1.8238118
30.435,2.4032512
30.426,3.021584
30.426,2.8717535
30.428,2.680193
30.418,3.7476835
30.419,3.8472178
30.423,3.9380074
30.421,4.122899
30.422,4.301154
30.408,4.2342076
30.409,3.5269911
30.412,2.9894772
30.41,2.4855068
30.402,1.9555807
30.367,1.0653602
30.356,0.7115783
30.28,0.55886066
30.285,0.5414394
30.303,0.41859794
30.365,0.522255
30.389,0.80691403
30.406,0.58227825
30.397,0.7749795
30.416,0.9571855
30.402,0.856999
30.411,1.2153344
30.391,1.3143334
30.353,1.9574361
30.325,1.5062166
30.304,1.7061654
30.288,1.8007338
30.335,2.109722
30.344,2.0472214
30.345,1.6464368
30.342,1.3665361
30.322,1.0401987
30.311,0.8347494
30.314,0.4356466
30.318,0.19959892
30.336,0.12685463
30.348,0.39308336
30.344,0.19111039
30.342,0.14183336
30.356,0.15431303
30.373,0.10878831
30.377,0.26212797
30.38,0.330555
30.396,0.642229
30.407,0.9412279
30.408,1.3885627
30.414,1.9613461
30.412,1.9328494
30.425,2.4073668
30.424,2.5676348
30.429,2.864175
30.423,2.1068456
30.433,1.8468091
30.446,1.5417342
30.438,1.2274902
30.453,0.775313
30.444,-0.045679394
30.446,-0.20117122
30.455,-0.8218321
30.27,-0.7707383
30.072,-1.446322
30.145,-1.614651
30.249,-1.7688444
30.331,-1.7472632
30.374,-1.5744612
30.387,-1.2977204
30.407,-1.074968
30.422,-0.794965
30.421,-0.38012108
30.439,-0.1446464
30.444,-0.16415627
30.447,0.37081364
30.456,0.51548046
30.473,0.67826766
30.495,1.0607803
30.492,0.8201187
30.493,0.8219579
30.491,0.6386199
30.514,0.26007834
30.507,-0.22894235
30.513,-0.60753447
30.512,-0.882434
30.524,-1.3625181
30.531,-1.6795392
30.544,-1.7337949
30.537,-1.5165737
30.529,-1.2490743
30.536,-1.2147617
30.536,-0.7462377
30.537,-0.43875185
30.545,-0.105706595
30.542,-0.2960538
30.553,-0.07135796
30.549,0.30698472
30.56,0.6108989
30.552,0.89732045
30.562,1.0570765
30.532,1.4491816
30.519,1.2109294
30.519,1.3446349
30.516,1.1139426
30.519,0.8222762
30.52,0.46030104
30.51,0.07233463
30.531,-0.49213225
30.508,-1.0439028
30.47,-1.3564874
30.436,-1.2626035
30.384,-1.4558952
30.364,-1.646028
30.365,-1.7713088
30.384,-1.500951
30.419,-1.3896775
30.444,-0.95700246
30.441,-0.90716606
30.453,-0.6274583
30.447,-0.18248452
30.468,-0.05313966
30.465,0.5842752
30.479,0.61657864
30.467,1.6485459
30.49,1.6797533
30.489,1.8590552
30.508,1.8714454
30.499,2.0610838
30.513,2.5649574
30.505,2.417197
30.499,2.294669
30.504,1.9985787
30.51,1.2948476
30.532,0.27070057
30.545,-0.49002582
30.547,-0.80533874
30.55,-0.74464124
30.544,-0.40045872
30.542,-0.18179208
30.544,0.39769024
30.549,0.6426607
30.558,1.039588
30.565,1.5111351
30.557,1.8501126
30.571,2.1778991
30.568,2.2218149
30.129,2.5016866
29.947,2.657619
30.043,2.8372364
30.129,3.1138244
30.207,2.452233
30.278,2.0040693
30.278,1.6090096
30.299,1.4108275
30.332,0.99858266
30.319,1.4982637
30.321,0.33089498
30.343,-0.10795114
30.367,-0.59447324
30.311,-0.6041314
30.312,-0.9755293
30.306,-0.46722835
30.254,-0.5818051
30.197,-0.15660685
30.08,0.3550501
30.09,0.71280473
30.137,0.5469616
30.178,0.7472855
30.22,1.169573
30.141,1.539257
30.034,2.172583
29.897,2.5252657
29.868,2.8531578
29.946,3.0074553
30.011,3.7947426
30.087,3.230924
30.079,2.9845636
30.083,2.6654842
30.081,2.3977728
30.068,1.8308756
29.955,1.5480775
29.823,1.1226268
29.836,0.8021757
29.832,0.44447303
29.8,0.1889148
29.817,0.25984737
29.736,0.22846068
29.759,0.43247172
29.89,0.7627289
29.882,0.8801969
29.896,1.201383
30.014,1.4487627
29.931,1.6053536
29.884,1.9025903
29.885,1.2184466
30.005,1.707517
30.052,1.9352862
30.057,2.0033314
30.082,1.661841
30.081,1.1704668
30.124,0.8488308
30.123,0.49521416
30.142,-0.33194578
30.149,-0.626302
30.16225,-1.0892196
30.1755,-1.1078758
30.18875,-1.6735945
30.202,-1.8084064
30.222,-1.0377655
30.23,-1.4097233
30.247,-1.466128
30.245,-1.5901892
30.199,-1.3045017
30.195,-0.78459597
30.205,-0.52971447
30.213,-0.15971245
30.232,0.5529772
30.24,0.82490253
30.172,1.1647836
30.077,1.7154868
30.086,1.730299
30.064,1.8403932
30.104,1.7255524
30.149,1.4692906
30.195,1.0788372
30.208,0.53865534
30.214,0.106913775
30.252,0.19345379
30.271,-0.41567168
30.278,-0.6843152
30.299,-0.9940363
30.293,-1.2211707
30.3,-2.129198
30.255,-2.0522857
30.17,-1.9780858
30.222,-1.7407656
30.093,-1.4312924
29.919,-0.9574681
29.985,-0.362252
30.05,0.060452253
30.075,0.5399342
29.963,1.1802357
29.925,0.80835664
29.977,2.0894353
30.033,2.0003612
30.074,2.1572897
30.086,1.4500856
30.125,1.6292877
30.141,1.4902653
30.152,1.2326488
30.164,0.8616382
30.173,0.39644
30.193,0.20410003
30.827143,-0.6045767
30.825714,-0.95546144
30.824286,-1.4639204
30.822857,-1.3355497
30.821428,-1.1035974
30.82,-0.9228594
30.818571,-0.4465184
30.817142,-0.22089958
30.815714,0.3920925
30.814285,-0.2733963
30.812857,0.6676408
30.811428,1.1078436
30.81,1.5018575
30.810833,1.4912552
30.811666,1.7397796
30.8125,2.3994894
30.813334,2.5791478
30.814167,2.6753345
30.815,2.6484513
30.819,3.0670824
30.819,2.6264389
30.819,2.7208133
30.819,2.3060875
30.819,1.7562224
30.819,0.34075361
30.819,0.051357195
30.818,-0.18442465
30.819334,-0.38605326
30.820667,-0.43598023
30.822,-0.3177893
30.823334,0.224082
30.824667,0.49767676
30.826,0.7708172
30.824,1.4974853
30.824278,1.8268847
30.824556,2.553204
30.824835,2.9056635
30.825113,3.583992
30.825392,3.7701633
30.82567,3.9136388
30.825949,4.0546765
30.826227,4.092184
30.826506,3.373273
30.826782,3.1444607
30.82706,3.054981
30.82734,1.9199115
30.827618,1.8820586
30.827896,1.0571816
30.828175,0.9167153
30.828453,0.7369631
30.828732,0.5160699
30.82901,0.3819357
30.829288,0.81979907
30.829567,0.8693516
30.829844,1.0436133
30.830122,1.106718
30.8304,1.3129202
30.830679,1.9159654
30.830679,2.0211089
30.830679,1.9154166
30.830957,2.3844328
30.831236,2.25939
30.831514,2.4847581
30.831795,3.2453697
30.832073,2.6712425
30.832352,2.5722423
30.83263,3.2845023
30.832909,2.206694
30.833187,1.5443965
30.833466,1.2390178
30.833744,0.86126727
30.834023,0.4748347
30.834303,-1.8119069
30.834581,-2.8410964
30.83486,-2.75194
30.835138,-2.2059894
30.835417,-2.121756
30.835695,-1.8062127
30.835974,-1.3445191
30.836252,-1.0211293
30.83653,-0.9479481
30.836811,-0.8539205
30.83709,-0.41579732
30.837368,-0.05627436
30.837368,0.62042236
30.837368,0.838398
30.837368,1.1930118
30.837368,1.2413007
30.837368,1.0770077
30.837368,0.8716454
30.837368,-0.33255923
30.837368,-0.7880928
30.837368,-1.2417089
30.837368,-1.7654145
30.837368,-2.038163
30.837368,-2.3451498
30.837368,-2.365615
30.837368,-2.389546
30.837368,-2.485558
30.837368,-2.4276507
30.837368,-2.275676
30.837368,-2.0736165
30.837368,-1.7672211
30.837368,-1.6180966
30.837368,-1.0688875
30.837368,-0.42145094
30.837368,-4.682535
30.837368,-3.91423
30.837368,-3.6248918
30.837368,-1.7931504
30.837368,-1.9861128
30.837368,-1.8644942
30.837368,1.3871406
30.837368,1.1627748
30.837368,1.0144544
30.837368,0.7030736
30.837368,0.7537905
30.837368,0.25600824
30.837368,-2.0913012
30.837368,-2.4728343
30.837368,-2.7514217
30.837368,-3.003221
30.837368,-3.0175264
30.837368,-3.0861285
30.837368,-2.7350779
30.837368,-2.6615021
30.837368,-2.6996706
30.837368,-2.3751404
30.837368,-2.4178677
30.837368,-2.1516254
30.837368,-0.51632106
30.837368,-0.24909617
31.237,-0.09565302
31.237,0.017407669
31.237,-0.07550014
31.237,0.110640675
31.237,-0.19071853
31.237,-0.29620624
31.237,-0.6792533
31.237,-1.069403
31.237,-1.3821387
31.237,-1.596017
31.237,-1.7242943
31.237,-1.8136382
31.237,-1.9386138
31.237,-1.9997344
31.237,-2.2706394
31.237,-2.184423
31.237,-2.1199458
31.237,-2.0115964
31.237,-1.8622395
31.237,-1.7020622
31.237,-1.3101977
31.237,-1.109481
31.237,-0.37323314
31.237,0.056152552
31.237,0.4312896
31.237,0.8336345
31.237,0.91875523
31.237,0.93329763
31.237,1.2221199
31.237,0.85964286
31.237,0.53508085
31.237,0.22151317
31.237,-0.16690756
31.237,-0.6297776
31.237,-1.0066836
31.237,-1.2751428
31.237,-1.337797
31.237,-1.9473827
31.237,-2.18178
31.237,-2.1815307
31.237,-2.1134686
31.237,-2.0042818
31.237,-1.6724577
31.237,-1.3527623
31.237,-1.6092833
31.237,-1.171318
31.237,-1.6000178
31.237,-1.3268714
31.237,-1.3575073
31.235964,-1.1400349
31.234926,-1.0128362
31.233889,-0.9150153
31.232851,-1.7373371
31.231815,-1.9141768
31.230778,-2.1553621
31.22974,-2.4466662
31.228704,-2.6977525
31.227667,-3.0019748
31.22663,-3.1242757
31.225592,-3.295076
31.224556,-3.244748
31.223518,-3.3283627
31.22248,-3.3701253
31.221445,-3.356966
31.220407,-3.1151612
31.21937,-3.0499654
31.218334,-2.7109227
31.217297,-2.2107413
31.216259,-2.052403
31.215221,-1.7047368
31.214186,-1.5713856
31.213148,-1.3243709
31.21211,-4.2640142
31.21211,-4.1791353
31.21211,-4.170193
31.209,-4.2315373
31.209238,-4.0572305
31.209476,-3.781976
31.209715,-3.3476355
31.209953,-3.1332774
31.21019,-3.1810818
31.210428,-3.0956373
31.210667,-3.0990932
31.210905,-3.1816874
31.211143,-7.0423646
31.21138,-6.040495
31.211618,-6.2872424
31.211857,-5.4096756
31.212095,-5.871982
31.212334,-6.056159
31.212572,-3.9589176
31.212809,-3.9429846
31.213047,-3.9669185
31.213285,-3.9784808
31.213524,-3.9020839
31.213762,-3.8641543
31.214,-5.2685766
31.211533,-5.2801676
31.209066,-5.226394
31.2066,-5.153593
31.204134,-4.8992524
31.201666,-4.5929546
31.1992,-4.298116
31.196733,-4.13155
31.194267,-3.9644322
31.1918,-3.8341203
31.189333,-3.7970812
31.186867,-3.8763661
31.1844,-2.9244688
31.181932,-3.036812
31.179466,-3.065921
31.177,-3.1618633
31.1775,-3.062778
31.178,-3.2146232
31.1785,-3.2389252
31.179,-3.4087067
31.1795,-3.4209185
31.18,-3.4371707
31.182,-3.4286013
31.181,-3.3867416
31.18,-3.3372192
31.179,-3.1297998
31.178,-2.9847343
31.177,-2.9068959
31.176,-2.757675
31.166,-2.6806245
31.166,-2.4429348
31.166,-2.3171892
31.166,-2.152492
31.166,-2.0365183
31.166,-1.9424155
31.166,-1.9425181
31.164,-1.220129
31.164143,-1.4364172
31.164286,-1.7518525
31.164429,-2.1036386
31.164572,-2.6174924
31.164715,-2.7546067
31.164858,-3.3305771
31.165,-3.4042647
31.164833,-3.501119
31.164667,-3.5650303
31.1645,-3.5472736
31.164333,-3.4838128
31.164167,-3.447829
31.164,-3.4221542
31.166,-3.3431556
31.1705,-3.2503116
31.175,-3.123749
31.1795,-2.8132277
31.184,-2.488349
31.1885,-2.2433903
31.193,-2.0121675
31.19,-1.8674312
31.188833,-1.8297774
31.187666,-1.8465267
31.1865,-3.484951
31.185333,-3.6759875
31.184166,-3.9388762
31.183,-3.6695387
31.177,-3.6269622
31.176167,-3.6731226
31.175333,-3.6217663
31.1745,-3.6978593
31.173666,-3.7544408
31.172832,-4.2443657
31.172,-3.9641054
31.174,-3.8023472
31.176666,-3.7495813
31.179333,-3.5335763
31.182,-3.4506032
31.184668,-3.108306
31.187334,-3.2730873
31.19,-2.9863148
31.19,-2.7091498
31.188,-2.5201552
31.186,-2.3782578
31.184,-2.285575
31.182,-2.114734
31.18,-2.198252
31.178,-2.3614616
31.176,-2.6786358
31.175833,-2.9733694
31.175667,-3.3908482
31.1755,-3.4820945
31.175333,-3.5920231
31.175167,-3.6831744
31.175,-3.7798288
31.173,-3.6356437
31.173166,-3.547728
31.173334,-3.662463
31.1735,-3.5989726
31.173666,-3.543361
31.173834,-3.6640584
31.174,-3.7763531
31.174,-3.6850646
31.173334,-3.5909128
31.172667,-3.298048
31.172,-3.0423267
31.171333,-2.8396847
31.170666,-2.620125
31.17,-2.5254157
31.170286,-2.5935516
31.170572,-2.660536
31.170856,-2.802522
31.171143,-2.9559479
31.171429,-3.212499
31.171715,-3.3066068
31.172,-3.3993635
31.17,-3.4866362
31.173,-3.5771239
31.176,-3.5923152
31.179,-3.6679442
31.182,-3.686527
31.185,-3.5879989
31.188,-3.555825
31.187,-3.4999764
31.185667,-3.5152588
31.184334,-3.4224188
31.183,-3.3221385
31.181667,-3.2299895
31.180334,-2.9956934
31.179,-2.7379322
31.173,-2.6263635
31.172333,-2.4267225
31.171667,-2.3569422
31.171,-2.3040164
31.170334,-2.3698187
31.169666,-2.3810802
31.169,-2.3288727
31.169,-2.596633
31.171309,-3.3659503
31.173615,-3.4683712
31.175922,-3.5770583
31.17823,-3.8448935
31.180538,-4.068362
31.182846,-4.098939
31.185154,-4.1361403
31.187462,-4.476797
31.18977,-4.4643273
31.192078,-4.1678123
31.194386,-4.0806766
31.196692,-4.1559916
31.199,-4.001642
31.200571,-3.8604174
31.202143,-3.5803788
31.203714,-3.4736557
31.205286,-3.1704285
31.206858,-3.0120237
31.20843,-2.9369693
31.21,-2.9247963
31.206,-2.966239
31.202333,-3.0292506
31.198668,-3.30245
31.195,-3.5890982
31.191334,-3.8851845
31.187666,-3.9902046
31.184,-4.1075234
31.18,-4.2285786
31.181154,-4.295326
31.182308,-4.5881495
31.183462,-4.637137
31.184616,-4.661796
31.18577,-4.651966
31.186924,-4.7212415
31.188076,-4.615592
31.18923,-4.543785
31.190384,-4.456395
31.191538,-4.3821297
31.192692,-4.1706
31.193846,-3.59518
31.195,-3.0878994
31.192,-2.9022992
31.189333,-2.7140949
31.186666,-2.6632247
31.184,-2.6920066
31.181334,-3.0223808
31.178667,-3.2401268
31.176,-3.4586189
31.173,-3.8029072
31.172714,-3.9287422
31.172428,-4.0660667
31.172142,-4.036401
31.171858,-4.252979
31.171572,-4.329715
31.171286,-4.346909
31.171,-4.362783
31.170713,-4.4333835
31.17043,-4.368205
31.170143,-4.2567225
31.169857,-4.190121
31.16957,-4.185704
31.169285,-3.6211288
31.169,-3.2304175
31.168715,-2.9604902
31.168428,-2.81238
31.168142,-2.6364315
31.167856,-2.62427
31.167572,-2.6315742
31.167286,-2.7036264
31.167,-3.0676837
31.167334,-3.2747438
31.167667,-3.55183
31.168,-3.862544
31.168333,-3.967554
31.168667,-4.0709734
31.169,-4.184235
31.166,-4.276303
31.166334,-4.3409157
31.166666,-4.3793497
31.167,-4.3865347
31.167334,-4.3380303
31.167667,-4.5307603
31.168,-4.463324
31.172,-4.389795
31.174286,-4.2843037
31.17657,-4.195452
31.178858,-3.8829284
31.181143,-3.4822414
31.183428,-3.2600667
31.185715,-3.058362
31.188,-2.899237
31.186924,-2.879881
31.185846,-3.1663358
31.184769,-3.3029935
31.183693,-3.406684
31.182615,-3.966282
31.181538,-4.2480917
31.180462,-4.4432077
31.179384,-4.5358305
31.178308,-4.6428714
31.17723,-4.6173124
31.176153,-4.6876893
31.175077,-4.734352
31.174,-4.781815
31.171,-4.76513
31.171715,-4.731539
31.172428,-4.7168336
31.173143,-5.0882144
31.173857,-4.749067
31.174572,-4.4371204
31.175285,-4.0957255
31.176,-4.225636
31.1725,-3.983901
31.169,-3.5966804
31.1655,-3.7824507
31.162,-3.7255957
31.1585,-3.79138
31.155,-3.8850985
31.156,-3.9617605
31.155333,-4.294747
31.154667,-4.48842
31.154,-4.5772586
31.153334,-4.6907425
31.152666,-4.7802362
31.152,-4.8756804
31.157,-4.9656434
31.156713,-5.1237965
31.15643,-5.148765
31.156143,-5.164688
31.155857,-5.0976896
31.155571,-5.0455084
31.155285,-4.797252
31.155,-4.942003
31.1595,-4.8020663
31.164,-4.501333
31.1685,-4.2428207
31.173,-4.0257597
31.1775,-3.836378
31.182,-3.7915852
31.181,-3.6961796
31.178833,-3.7535474
31.176666,-3.7954257
31.1745,-3.8736277
31.172333,-4.126128
31.170166,-4.412808
31.168,-4.5585995
31.166,-4.66654
31.167,-4.854546
31.168,-4.9537535
31.169,-5.0330567
31.17,-5.0812697
31.171,-5.104104
31.172,-5.110622
31.173,-5.038728
31.174,-4.985317
31.175,-4.9017234
31.176,-4.8574758
31.177,-4.6358757
31.178,-4.3274126
31.179,-4.0420127
31.19,-3.7859504
31.1895,-3.5429027
31.189,-3.8428555
31.1885,-3.8198528
31.188,-3.8763707
31.1875,-3.9188855
31.187,-4.1212616
31.188,-4.3961086
31.187834,-4.216031
31.187666,-4.434183
31.1875,-4.5399547
31.187334,-4.642888
31.187166,-5.2535563
31.187,-5.1471796
31.186,-5.495145
31.185,-5.4369698
31.184,-5.6691713
31.183,-5.571714
31.182,-5.215262
31.181,-5.1672444
31.18,-5.0516376
31.179571,-4.729006
31.179142,-4.3028893
31.178715,-4.092708
31.178286,-4.0893407
31.177856,-3.8966155
31.17743,-3.5080202
31.177,-3.4866252
31.174,-3.6321847
31.174667,-3.8085077
31.175333,-4.00212
31.176,-4.250656
31.176666,-4.804249
31.177334,-4.9584956
31.178,-5.072713
31.18,-5.322792
31.1795,-5.1605077
31.179,-5.6205854
31.1785,-5.4882574
31.178,-5.491311
31.1775,-5.333773
31.177,-5.193447
31.178,-5.135213
31.177713,-4.8529615
31.17743,-4.8774967
31.177143,-4.602962
31.176857,-4.3130183
31.17657,-4.083161
31.176285,-3.809122
31.176,-3.7689261
31.177834,-3.5683858
31.179667,-3.567388
31.1815,-3.5994198
31.183332,-3.876184
31.185167,-4.0700827
31.187,-4.323609
31.191,-4.62916
31.191334,-4.845454
31.191668,-4.9831696
31.192,-5.0358872
31.192333,-5.121644
31.192667,-5.061193
31.193,-5.1442842
31.192142,-5.1838675
31.191286,-5.1728587
31.190428,-5.992593
31.189571,-5.5422993
31.188715,-5.468253
31.187857,-5.0532913
31.187,-4.7092996
31.185858,-4.4133964
31.184713,-3.8994102
31.18357,-3.7123187
31.182428,-3.5314126
31.181286,-3.5754342
31.180143,-3.357909
31.179,-3.2782753
31.181,-3.6997392
31.181,-3.0993943
31.181,-4.3162694
31.181,-4.6159425
31.181,-5.277918
31.181,-5.660954
31.181,-5.7881703
31.179,-5.627388
31.181833,-5.6830153
31.184668,-5.786948
31.1875,-5.7392883
31.190332,-5.7816877
31.193167,-5.432158
31.196,-5.5930157
31.194,-5.5188785
31.192667,-5.3706884
31.191334,-4.952265
31.19,-4.6349473
31.188667,-4.3454585
31.187334,-4.097857
31.186,-3.9066386
31.185,-3.8039355
31.185364,-3.869426
31.185728,-3.8842385
31.18609,-4.0153933
31.186455,-4.1240726
31.18682,-4.3805866
31.187181,-4.7263784
31.187546,-4.930956
31.187908,-5.0463076
31.188272,-5.1744146
31.188637,-5.309615
31.189,-5.5054655
31.189363,-5.583906
31.189728,-5.580542
31.19009,-5.5848722
31.190454,-5.4348745
31.190819,-4.649273
31.191181,-4.1592436
31.191545,-3.9764335
31.19191,-3.6180968
31.192272,-3.3309133
31.192636,-3.0631735
31.193,-3.4963765
31.193363,-3.329402
31.193727,-3.2083557
31.193727,-3.1336112
31.193727,-3.2267108
31.194117,-3.3613212
31.194504,-2.9695747
31.194893,-3.216205
31.195282,-3.496848
31.195671,-3.8147762
31.19606,-3.9708993
31.196447,-4.067543
31.196836,-4.1332045
31.197226,-4.248425
31.197615,-4.285864
31.198004,-4.2940836
31.198391,-4.266249
31.19878,-4.6020074
31.19917,-4.842691
31.199558,-4.385307
31.199947,-3.8192265
31.200335,-3.4455605
31.200724,-3.0786908
31.201113,-2.7987769
31.201502,-2.5954688
31.20189,-2.773778
31.202278,-2.6758235
31.202667,-2.883222
31.203056,-1.6044593
31.203056,-3.356094
31.203056,-3.4931374
31.203056,-3.8182592
31.203056,-4.212225
31.205,-4.5605063
31.201,-4.339348
31.2035,-4.603247
31.206,-4.828714
31.2085,-4.9597096
31.211,-5.039362
31.2135,-5.043853
31.216,-5.521918
31.212,-6.35641
31.208834,-5.7843533
31.205667,-5.5833583
31.2025,-5.091301
31.199333,-4.7416277
31.196167,-4.3758917
31.193,-3.7737203
31.213,-3.5071027
31.212,-3.352744
31.211,-3.1920388
31.21,-3.111689
31.209,-3.0409372
31.208,-3.4450102
31.207,-3.6698456
31.205,-3.9007692
31.205833,-4.2107263
31.206667,-4.531381
31.2075,-4.6790786
31.208334,-4.821961
31.209167,-4.932718
31.21,-5.032566
31.206,-5.1195726
31.208334,-5.1555157
31.210667,-5.1748366
31.213,-4.79631
31.215334,-5.6995277
31.217667,-5.7196794
31.22,-5.538254
31.208,-5.25736
31.209,-4.963497
31.21,-4.6915336
31.211,-4.305986
31.212,-4.109997
31.213,-3.9373324
31.214,-3.863744
31.209,-3.4302177
31.208,-3.5472987
31.207,-3.8266728
31.206,-4.1616206
31.205,-4.4357214
31.204,-4.7315936
31.203,-5.095282
31.202,-5.226264
31.201,-5.312499
31.2,-5.3289757
31.199,-5.384357
31.198,-5.385221
31.197,-5.3767304
31.196,-5.323134
31.202,-5.2703013
31.2015,-5.8098354
31.201,-5.541824
31.2005,-5.1482043
31.2,-4.786077
31.1995,-4.5614257
31.199,-4.3194385
31.205,-4.1189885
31.204,-4.0793777
31.203,-4.0385637
31.202,-4.026959
31.201,-4.1641245
31.2,-4.383525
31.199,-4.6483593
31.201,-4.9011016
31.2015,-5.1963935
31.202,-5.3578095
31.2025,-5.45078
31.203,-5.5575137
31.2035,-5.6591787
31.204,-5.7352605
31.201,-5.7764864
31.203333,-5.791089
31.205667,-5.5959663
31.208,-5.154007
31.210333,-5.130535
31.212667,-4.8366017
31.215,-4.4596877
31.202,-4.0996337
31.199167,-4.1462855
31.196333,-3.9197621
31.1935,-3.775313
31.190666,-3.724062
31.187834,-3.7138755
31.185,-3.7680457
31.186,-3.7653573
31.1835,-3.9606185
31.181,-4.233778
31.1785,-4.51641
31.176,-4.800993
31.1735,-4.9251604
31.171,-5.0081306
31.18,-5.1027565
31.179333,-5.1823735
31.178667,-5.2463655
31.178,-5.2834406
31.177334,-5.2819266
31.176666,-5.4006143
31.176,-5.3161283
31.174,-5.216579
31.177,-4.9773912
31.18,-4.599523
31.183,-4.173721
31.186,-3.8506095
31.189,-3.6581197
31.192,-3.530171
31.191,-3.4701903
31.1885,-3.4501386
31.186,-3.450983
31.1835,-3.5850656
31.181,-3.7799156
31.1785,-4.053649
31.176,-4.329032
31.173,-4.420198
31.173334,-5.283352
31.173666,-5.5577087
31.174,-5.568931
31.174334,-5.65843
31.174667,-5.788847
31.175,-5.6875167
31.178,-5.7142577
31.176666,-5.538644
31.175333,-5.481417
31.174,-5.292554
31.172667,-4.950198
31.171333,-4.8517737
31.17,-4.5559154
31.171,-4.303593
31.1725,-4.2705054
31.174,-4.110953
31.1755,-4.0925446
31.177,-4.0774755
31.1785,-4.180745
31.18,-4.254508
31.179,-4.1460667
31.1785,-4.4338565
31.178,-4.7625294
31.1775,-4.9932117
31.177,-5.2524376
31.1765,-5.39445
31.176,-5.6670895
31.171,-5.798424
31.166834,-6.0885887
31.162666,-5.9954762
31.1585,-6.00742
31.154333,-6.527064
31.150167,-6.50927
31.146,-6.388907
31.146,-5.9675255
31.143333,-5.630278
31.140667,-5.286596
31.138,-4.922968
31.135334,-4.445884
31.132668,-4.424481
31.13,-4.4088316
31.132,-4.675787
31.1685,-4.719031
31.205,-4.8624573
31.2415,-4.9853654
31.278,-5.244695
31.3145,-5.5380125
31.351,-5.4173827
31.342,-5.7245092
31.326666,-5.9056244
31.311333,-6.055175
31.296,-6.153393
31.280666,-6.088431
31.265333,-6.299473
31.25,-6.331289
31.374,-6.3387094
31.370832,-6.327339
31.367666,-6.1167836
31.3645,-5.6736317
31.361334,-5.2082543
31.358166,-4.7715807
31.355,-4.440268
31.248,-4.1091948
31.265667,-4.05099
31.283333,-3.9780917
31.301,-3.9242485
31.318666,-5.7242618
31.336334,-5.4897127
31.354,-4.695507
31.228,-3.326361
31.2285,-4.336211
31.229,-5.0056767
31.2295,-4.112722
31.23,-4.773977
31.2305,-5.325862
31.231,-5.413164
31.229,-5.4344134
31.250334,-5.5815353
31.271667,-4.7383533
31.293,-5.181191
31.314333,-5.584745
31.335667,-5.5057917
31.357,-5.186868
31.241,-4.863899
31.2605,-4.50632
31.28,-4.211533
31.2995,-4.384053
31.319,-4.2572675
31.3385,-4.16524
31.358,-4.1290283
31.359,-5.0367503
31.3405,-4.657204
31.322,-4.395471
31.3035,-4.6349
31.285,-4.934994
31.2665,-5.2683344
31.248,-5.486841
31.254,-5.5795927
31.251833,-5.669352
31.249666,-5.751642
31.2475,-5.849243
31.245333,-5.894208
31.243166,-5.91231
31.241,-5.9003563
31.234,-5.8368263
31.233667,-5.665084
31.233334,-5.302104
31.233,-4.8976994
31.232666,-4.6504755
31.232334,-4.4081717
31.232,-4.204483
31.234,-4.072164
31.233667,-4.0063577
31.233334,-3.987008
31.233,-4.029929
31.232666,-4.092758
31.232334,-4.272887
31.232,-4.510499
31.231,-4.7910004
31.2525,-5.1104107
31.274,-5.3864756
31.2955,-5.5025425
31.317,-5.6022763
31.3385,-5.7110133
31.36,-5.780566
31.357,-5.793637
31.356,-5.843817
31.355,-5.8773456
31.354,-5.8123665
31.353,-5.706404
31.352,-5.328292
31.351,-5.120857
31.351,-4.749316
31.353834,-4.439272
31.356667,-4.315734
31.3595,-4.169166
31.362333,-3.9766755
31.365168,-3.8175192
31.368,-3.9214954
31.364,-3.859059
31.362667,-4.0812035
31.361334,-4.3405266
31.36,-4.537824
31.358667,-5.0152416
31.357334,-5.303377
31.356,-5.5960374
31.163,-5.6763606
31.193832,-5.757592
31.224667,-5.909123
31.2555,-5.948992
31.286333,-5.969193
31.317167,-5.9374895
31.348,-5.912664
31.173,-5.6431403
31.203167,-5.294988
31.233334,-4.8640914
31.2635,-4.4814653
31.293667,-4.1579823
31.323833,-3.908746
31.354,-3.7362082
31.349,-3.6567848
31.351667,-3.6649454
31.354334,-3.7591655
31.357,-3.8980548
31.359667,-4.0837116
31.362333,-4.30034
31.365,-4.5457926
31.363,-4.8478284
31.329666,-5.1392584
31.296333,-5.2530546
31.263,-5.307163
31.229666,-5.431871
31.196333,-10.147345
31.163,-9.225322
31.154,-9.063059
31.153667,-8.026184
31.153334,-7.687227
31.153,-7.2756276
31.152666,-4.756114
31.152334,-4.429431
31.152,-4.1218867
31.154,-3.744742
31.153833,-3.384148
31.153667,-3.0859694
31.1535,-4.3657436
31.153334,-4.241306
31.153166,-4.24083
31.153,-4.358265
31.146,-4.587063
31.151,-4.9186664
31.156,-5.3175936
31.161,-5.7820377
31.166,-6.266993
31.171,-6.60629
31.176,-7.0197206
31.175,-7.2111235
31.174667,-5.2213364
31.174334,-5.2003818
31.174,-5.2045736
31.173666,-5.198471
31.173334,-5.0926666
31.173,-5.066087
31.175,-4.848863
31.174667,-4.5671306
31.174334,-4.339699
31.174,-4.0938964
31.173666,-3.8531733
31.173334,-3.5588691
31.173,-3.7223334
31.176,-3.5830505
31.174,-3.5396378
31.172,-3.5852392
31.17,-4.1205835
31.168,-4.282992
31.166,-4.7238293
31.164,-5.1902375
31.16,-5.606698
31.162,-5.711444
31.164,-5.5018163
31.166,-5.5446377
31.168,-5.333581
31.17,-6.965728
31.172,-6.4498143
31.179,-6.3798137
31.1775,-6.1801414
31.176,-5.960429
31.1745,-5.600069
31.173,-4.5510097
31.1715,-4.29737
31.17,-4.0231805
31.163,-3.2299287
31.164833,-3.4852352
31.166666,-3.2821417
31.1685,-3.8473132
31.170334,-4.5643735
31.172167,-4.1029944
31.174,-4.0337014
31.182,-4.169513
31.181168,-4.511057
31.180334,-4.849449
31.1795,-4.671396
31.178667,-5.0245275
31.177834,-5.331795
31.177,-5.606231
31.175,-6.6542554
31.173166,-6.267879
31.171333,-6.542109
31.1695,-6.516698
31.167667,-6.4968486
31.165833,-6.30864
31.164,-6.055613
31.161,-5.6368947
31.16,-5.552026
31.159,-5.2340183
31.158,-5.0562696
31.157,-4.795712
31.156,-4.5839496
31.155,-4.403748
31.156,-4.121592
31.160334,-4.497709
31.164667,-4.466526
31.169,-4.5772624
31.173334,-4.610355
31.177668,-5.130733
31.182,-5.3316503
31.179,-5.4177256
31.177668,-5.5733776
31.176332,-5.614452
31.175,-5.5074806
31.173666,-5.102032
31.172333,-4.74017
31.171,-4.827974
31.169,-4.5695314
31.171667,-4.51362
31.174334,-4.2260995
31.177,-4.2256894
31.179667,-3.931425
31.182333,-3.6604922
31.185,-3.2541633
31.18,-2.9173768
31.1775,-2.6772463
31.175,-2.3453207
31.1725,-2.2639155
31.17,-2.2167168
31.1675,-2.4933846
31.165,-2.845128
31.159,-3.3171709
31.157833,-3.5447893
31.156666,-3.9492698
31.1555,-4.23337
31.154333,-4.336835
31.153166,-4.4980073
31.152,-4.5138173
31.147,-4.8320932
31.149834,-4.827215
31.152666,-4.833891
31.1555,-4.770519
31.158333,-4.5558276
31.161167,-4.2609305
31.164,-3.8692153
31.169,-3.5714135
31.167,-3.1364586
31.165,-2.927942
31.163,-2.7929118
31.161,-2.6861093
31.159,-2.6145566
31.157,-2.9824986
31.15,-2.9645262
31.170166,-3.196974
31.190332,-3.2587585
31.2105,-3.534173
31.230667,-4.0496197
31.250834,-4.1943674
31.271,-4.536536
31.257,-4.5725703
31.253834,-4.556274
31.250668,-4.5902963
31.2475,-4.4533315
31.244333,-4.6119843
31.241167,-4.73713
31.238,-4.554125
31.234,-4.3247304
31.231333,-4.049679
31.228666,-3.786866
31.226,-3.38173
31.223333,-3.2343102
31.220667,-3.0356505
31.218,-2.86906
31.216,-2.7355173
31.216667,-2.621723
31.217333,-2.563147
31.218,-2.4516728
31.218666,-2.8687403
31.219334,-3.5935652
31.22,-3.912446
31.213,-4.157168
31.212833,-4.5211077
31.212667,-4.68255
31.2125,-4.7626514
31.212334,-5.1613526
31.212166,-5.1891227
31.212,-5.6839514
31.212,-6.6098123
31.2135,-7.012032
31.215,-6.665266
31.2165,-6.336953
31.218,-5.8972125
31.2195,-5.560195
31.221,-4.908768
31.215,-4.2252254
31.217167,-3.9838245
31.219334,-3.7920692
31.2215,-3.8247688
31.223667,-3.705372
31.225834,-4.0576906
31.228,-4.3671093
31.23,-4.566128
31.229166,-4.84274
31.228333,-5.1990256
31.2275,-5.4751754
31.226667,-5.8046355
31.225834,-5.96901
31.225,-6.0853605
31.236,-6.186994
31.232834,-6.068436
31.229666,-6.009702
31.2265,-5.588328
31.223333,-5.255685
31.220167,-5.2209435
31.217,-5.209993
31.213,-5.1318455
31.212667,-5.345846
31.212334,-4.6415596
31.212,-4.6003537
31.211666,-4.177223
31.211334,-4.006462
31.211,-3.9075532
31.213,-3.3772452
31.212833,-3.4701302
31.212667,-3.5306144
31.2125,-3.7797005
31.212334,-4.059091
31.212166,-4.3375373
31.212,-5.0119452
31.209,-5.3395743
31.209333,-5.458996
31.209667,-5.5731716
31.21,-5.6590943
31.210333,-5.794364
31.210667,-5.8986177
31.211,-5.8547597
31.21,-5.8285317
31.2105,-5.80384
31.211,-5.6827936
31.2115,-5.3946767
31.212,-4.849412
31.2125,-4.6332445
31.213,-4.418289
31.22,-4.2061515
31.222,-4.034656
31.224,-3.9092171
31.226,-3.7045112
31.228,-3.622573
31.23,-3.6891878
31.232,-3.7483969
31.235,-3.551371
31.233,-3.4645784
31.231,-3.839402
31.229,-3.9532497
31.227,-4.03143
31.225,-4.1188393
31.223,-4.6935363
31.221,-4.7011805
31.218334,-4.374905
31.215666,-4.171877
31.213,-4.206941
31.210333,-3.9957256
31.207666,-3.7551365
31.205,-3.4642665
31.204,-3.3235312
31.2045,-3.0126574
31.205,-2.7121608
31.2055,-2.3142111
31.206,-2.016317
31.2065,-1.9055316
31.207,-1.7163951
31.201,-1.7745183
31.200834,-1.9041911
31.200666,-2.1925826
31.2005,-2.5133047
31.200333,-2.8070488
31.200167,-3.0379128
31.2,-3.3455765
31.201,-3.5680432
31.201334,-3.6178224
31.201666,-3.7144604
31.202,-3.9085786
31.202333,-4.0493927
31.202667,-4.0410085
31.203,-4.03408
31.203,-3.9820802
31.203667,-3.801198
31.204334,-3.5006337
31.205,-3.7933044
31.205667,-3.5562787
31.206333,-3.3944318
31.207,-3.2934854
31.208,-3.1444778
31.209333,-2.9988358
31.210667,-2.8739598
31.212,-2.80059
31.213333,-2.8754833
31.214666,-3.0722172
31.216,-3.1811066
31.221,-3.461323
31.222334,-3.7879405
31.223667,-4.1411858
31.225,-4.2781415
31.226334,-4.364019
31.227667,-4.4384017
31.229,-4.277759
31.225,-4.0414195
31.26017,-4.0278044
31.29534,-3.907763
31.33051,-3.8518217
31.36568,-3.6336048
31.40085,-3.5484877
31.43602,-3.2191544
31.47119,-2.9108846
31.506361,-2.6693947
31.54153,-2.4499636
31.5767,-2.2989118
31.61187,-2.1074746
31.64704,-2.157256
31.68221,-2.1611228
31.71738,-2.2495983
31.75255,-2.3115182
31.78772,-3.160424
31.82289,-3.4530885
31.85806,-3.7605855
31.89323,-4.0603404
31.9284,-4.181998
31.96357,-4.2787447
31.998741,-4.3547997
32.03391,-4.502319
32.06908,-5.0838003
32.06908,-5.1048813
32.06908,-5.103292
32.1043,-5.0672517
32.139523,-4.995076
32.174744,-4.708273
32.209965,-4.3779473
32.245186,-4.0958357
32.28041,-3.9080982
32.31563,-3.8877242
32.350853,-3.7646098
32.386074,-3.6977751
32.421295,-3.6355634
32.456516,-3.6294622
32.491737,-2.5026193
32.52696,-1.6658331
32.56218,-1.9232968
32.5974,-1.6673671
32.63262,-1.9821291
32.667843,-2.2935488
32.703068,-3.7374258
32.73829,-3.8196893
32.77351,-3.8533173
32.80873,-3.8315527
32.843952,-3.8422697
32.879173,-3.8204265
32.914394,-3.1527226
32.914394,-3.0880675
32.914394,-2.8896065
32.914394,-2.597445
32.914394,-2.2837918
32.914394,-2.2284496
32.914394,-2.0607386
32.914394,-1.7729551
32.914394,-1.6118273
32.914394,-1.4984709
32.914394,-1.2920986
32.914394,-1.296191
32.914394,-1.9691449
32.914394,-2.1488404
32.914394,-2.3486578
32.914394,-2.373539
32.914394,-2.6171036
32.914394,-2.9893727
32.914394,-3.1256208
32.914394,-3.2277348
32.914394,-3.1861482
32.914394,-3.4243135
32.914394,-3.4344823
32.914394,-3.223911
32.914394,-3.178255
32.914394,-3.0321548
32.914394,-3.0323932
32.914394,-2.640539
32.914394,-2.2817879
32.914394,-1.9395174
32.914394,-1.7358146
32.914394,-1.5126431
32.914394,-1.2525177
32.914394,-1.1917033
32.914394,-1.1955974
32.914394,-1.2491049
32.914394,-0.78831035
32.914394,-1.0208443
32.914394,-1.3246813
32.914394,-1.760359
32.914394,-2.0752244
32.914394,-2.336663
32.914394,-2.8360791
32.914394,-2.9393234
32.914394,-3.0604734
32.914394,-3.0570278
32.914394,-3.065563
32.914394,-3.057591
