datetime,y_true,y_pred_arima
2024-07-23 10:00:00,30.238,31.03692366216599
2024-07-23 11:00:00,30.258,31.03692366216599
2024-07-23 12:00:00,30.279,31.03692366216599
2024-07-23 13:00:00,30.232,31.03692366216599
2024-07-23 14:00:00,30.253,31.03692366216599
2024-07-23 15:00:00,30.266,31.03692366216599
2024-07-23 16:00:00,30.243,31.03692366216599
2024-07-23 17:00:00,30.253,31.03692366216599
2024-07-23 18:00:00,30.266,31.03692366216599
2024-07-23 19:00:00,30.247,31.03692366216599
2024-07-23 20:00:00,30.267,31.03692366216599
2024-07-23 21:00:00,30.281,31.03692366216599
2024-07-23 22:00:00,30.276,31.03692366216599
2024-07-23 23:00:00,30.266,31.03692366216599
2024-07-24 00:00:00,30.274,31.03692366216599
2024-07-24 01:00:00,30.251,31.03692366216599
2024-07-24 02:00:00,30.086,31.03692366216599
2024-07-24 03:00:00,30.037,31.03692366216599
2024-07-24 04:00:00,30.089,31.03692366216599
2024-07-24 05:00:00,30.129,31.03692366216599
2024-07-24 06:00:00,30.16,31.03692366216599
2024-07-24 07:00:00,30.202,31.03692366216599
2024-07-24 08:00:00,30.217,31.03692366216599
2024-07-24 09:00:00,30.194,31.03692366216599
2024-07-24 10:00:00,30.207,30.215293309116266
2024-07-24 11:00:00,30.215,30.215293309116266
2024-07-24 12:00:00,30.227,30.215293309116266
2024-07-24 13:00:00,30.246,30.215293309116266
2024-07-24 14:00:00,30.244,30.215293309116266
2024-07-24 15:00:00,30.252,30.215293309116266
2024-07-24 16:00:00,30.27,30.215293309116266
2024-07-24 17:00:00,30.253,30.215293309116266
2024-07-24 18:00:00,30.275,30.215293309116266
2024-07-24 19:00:00,30.284,30.215293309116266
2024-07-24 20:00:00,30.294,30.215293309116266
2024-07-24 21:00:00,30.317,30.215293309116266
2024-07-24 22:00:00,30.339,30.215293309116266
2024-07-24 23:00:00,30.313,30.215293309116266
2024-07-25 00:00:00,30.32,30.215293309116266
2024-07-25 01:00:00,30.346,30.215293309116266
2024-07-25 02:00:00,30.348,30.215293309116266
2024-07-25 03:00:00,30.333,30.215293309116266
2024-07-25 04:00:00,30.343,30.215293309116266
2024-07-25 05:00:00,30.151,30.215293309116266
2024-07-25 06:00:00,30.109,30.215293309116266
2024-07-25 07:00:00,30.233,30.215293309116266
2024-07-25 08:00:00,30.24,30.215293309116266
2024-07-25 09:00:00,30.255,30.215293309116266
2024-07-25 10:00:00,30.198,30.215747377702332
2024-07-25 11:00:00,30.208,30.215747377702332
2024-07-25 12:00:00,30.238,30.215747377702332
2024-07-25 13:00:00,30.293,30.215747377702332
2024-07-25 14:00:00,30.292,30.215747377702332
2024-07-25 15:00:00,30.318,30.215747377702332
2024-07-25 16:00:00,30.309,30.215747377702332
2024-07-25 17:00:00,30.324,30.215747377702332
2024-07-25 18:00:00,30.357,30.215747377702332
2024-07-25 19:00:00,30.347,30.215747377702332
2024-07-25 20:00:00,30.341,30.215747377702332
2024-07-25 21:00:00,30.357,30.215747377702332
2024-07-25 22:00:00,30.368,30.215747377702332
2024-07-25 23:00:00,30.372,30.215747377702332
2024-07-26 00:00:00,30.359,30.215747377702332
2024-07-26 01:00:00,30.332,30.215747377702332
2024-07-26 02:00:00,30.345,30.215747377702332
2024-07-26 03:00:00,30.312,30.215747377702332
2024-07-26 04:00:00,30.36,30.215747377702332
2024-07-26 05:00:00,30.339,30.215747377702332
2024-07-26 06:00:00,30.378,30.215747377702332
2024-07-26 07:00:00,30.358,30.215747377702332
2024-07-26 08:00:00,30.37,30.215747377702332
2024-07-26 09:00:00,30.379,30.215747377702332
2024-07-26 10:00:00,30.384,30.19722093841465
2024-07-26 11:00:00,30.392,30.19722093841465
2024-07-26 12:00:00,30.396,30.19722093841465
2024-07-26 13:00:00,30.396,30.19722093841465
2024-07-26 14:00:00,30.415,30.19722093841465
2024-07-26 15:00:00,30.423,30.19722093841465
2024-07-26 16:00:00,30.42,30.19722093841465
2024-07-26 17:00:00,30.423,30.19722093841465
2024-07-26 18:00:00,30.414,30.19722093841465
2024-07-26 19:00:00,30.404,30.19722093841465
2024-07-26 20:00:00,30.411,30.19722093841465
2024-07-26 21:00:00,30.424,30.19722093841465
2024-07-26 22:00:00,30.43,30.19722093841465
2024-07-26 23:00:00,30.404,30.19722093841465
2024-07-27 00:00:00,30.413,30.19722093841465
2024-07-27 01:00:00,30.437,30.19722093841465
2024-07-27 02:00:00,30.429,30.19722093841465
2024-07-27 03:00:00,30.438,30.19722093841465
2024-07-27 04:00:00,30.439,30.19722093841465
2024-07-27 05:00:00,30.43,30.19722093841465
2024-07-27 06:00:00,30.424,30.19722093841465
2024-07-27 07:00:00,30.436,30.19722093841465
2024-07-27 08:00:00,30.406,30.19722093841465
2024-07-27 09:00:00,30.434,30.19722093841465
2024-07-27 10:00:00,30.431,30.257925183216297
2024-07-27 11:00:00,30.411,30.257925183216297
2024-07-27 12:00:00,30.344,30.257925183216297
2024-07-27 13:00:00,30.347,30.257925183216297
2024-07-27 14:00:00,30.371,30.257925183216297
2024-07-27 15:00:00,30.383,30.257925183216297
2024-07-27 16:00:00,30.399,30.257925183216297
2024-07-27 17:00:00,30.387,30.257925183216297
2024-07-27 18:00:00,30.424,30.257925183216297
2024-07-27 19:00:00,30.413,30.257925183216297
2024-07-27 20:00:00,30.415,30.257925183216297
2024-07-27 21:00:00,30.435,30.257925183216297
2024-07-27 22:00:00,30.426,30.257925183216297
2024-07-27 23:00:00,30.426,30.257925183216297
2024-07-28 00:00:00,30.428,30.257925183216297
2024-07-28 01:00:00,30.418,30.257925183216297
2024-07-28 02:00:00,30.419,30.257925183216297
2024-07-28 03:00:00,30.423,30.257925183216297
2024-07-28 04:00:00,30.421,30.257925183216297
2024-07-28 05:00:00,30.422,30.257925183216297
2024-07-28 06:00:00,30.408,30.257925183216297
2024-07-28 07:00:00,30.409,30.257925183216297
2024-07-28 08:00:00,30.412,30.257925183216297
2024-07-28 09:00:00,30.41,30.257925183216297
2024-07-28 10:00:00,30.402,30.3789696015532
2024-07-28 11:00:00,30.367,30.3789696015532
2024-07-28 12:00:00,30.356,30.3789696015532
2024-07-28 13:00:00,30.28,30.3789696015532
2024-07-28 14:00:00,30.285,30.3789696015532
2024-07-28 15:00:00,30.303,30.3789696015532
2024-07-28 16:00:00,30.365,30.3789696015532
2024-07-28 17:00:00,30.389,30.3789696015532
2024-07-28 18:00:00,30.406,30.3789696015532
2024-07-28 19:00:00,30.397,30.3789696015532
2024-07-28 20:00:00,30.416,30.3789696015532
2024-07-28 21:00:00,30.402,30.3789696015532
2024-07-28 22:00:00,30.411,30.3789696015532
2024-07-28 23:00:00,30.391,30.3789696015532
2024-07-29 00:00:00,30.353,30.3789696015532
2024-07-29 01:00:00,30.325,30.3789696015532
2024-07-29 02:00:00,30.304,30.3789696015532
2024-07-29 03:00:00,30.288,30.3789696015532
2024-07-29 04:00:00,30.335,30.3789696015532
2024-07-29 05:00:00,30.344,30.3789696015532
2024-07-29 06:00:00,30.345,30.3789696015532
2024-07-29 07:00:00,30.342,30.3789696015532
2024-07-29 08:00:00,30.322,30.3789696015532
2024-07-29 09:00:00,30.311,30.3789696015532
2024-07-29 10:00:00,30.314,30.429983267737047
2024-07-29 11:00:00,30.318,30.429983267737047
2024-07-29 12:00:00,30.336,30.429983267737047
2024-07-29 13:00:00,30.348,30.429983267737047
2024-07-29 14:00:00,30.344,30.429983267737047
2024-07-29 15:00:00,30.342,30.429983267737047
2024-07-29 16:00:00,30.356,30.429983267737047
2024-07-29 17:00:00,30.373,30.429983267737047
2024-07-29 18:00:00,30.377,30.429983267737047
2024-07-29 19:00:00,30.38,30.429983267737047
2024-07-29 20:00:00,30.396,30.429983267737047
2024-07-29 21:00:00,30.407,30.429983267737047
2024-07-29 22:00:00,30.408,30.429983267737047
2024-07-29 23:00:00,30.414,30.429983267737047
2024-07-30 00:00:00,30.412,30.429983267737047
2024-07-30 01:00:00,30.425,30.429983267737047
2024-07-30 02:00:00,30.424,30.429983267737047
2024-07-30 03:00:00,30.429,30.429983267737047
2024-07-30 04:00:00,30.423,30.429983267737047
2024-07-30 05:00:00,30.433,30.429983267737047
2024-07-30 06:00:00,30.446,30.429983267737047
2024-07-30 07:00:00,30.438,30.429983267737047
2024-07-30 08:00:00,30.453,30.429983267737047
2024-07-30 09:00:00,30.444,30.429983267737047
2024-07-30 10:00:00,30.446,30.410478898208574
2024-07-30 11:00:00,30.455,30.410478898208574
2024-07-30 12:00:00,30.27,30.410478898208574
2024-07-30 13:00:00,30.072,30.410478898208574
2024-07-30 14:00:00,30.145,30.410478898208574
2024-07-30 15:00:00,30.249,30.410478898208574
2024-07-30 16:00:00,30.331,30.410478898208574
2024-07-30 17:00:00,30.374,30.410478898208574
2024-07-30 18:00:00,30.387,30.410478898208574
2024-07-30 19:00:00,30.407,30.410478898208574
2024-07-30 20:00:00,30.422,30.410478898208574
2024-07-30 21:00:00,30.421,30.410478898208574
2024-07-30 22:00:00,30.439,30.410478898208574
2024-07-30 23:00:00,30.444,30.410478898208574
2024-07-31 00:00:00,30.447,30.410478898208574
2024-07-31 01:00:00,30.456,30.410478898208574
2024-07-31 02:00:00,30.473,30.410478898208574
2024-07-31 03:00:00,30.495,30.410478898208574
2024-07-31 04:00:00,30.492,30.410478898208574
2024-07-31 05:00:00,30.493,30.410478898208574
2024-07-31 06:00:00,30.491,30.410478898208574
2024-07-31 07:00:00,30.514,30.410478898208574
2024-07-31 08:00:00,30.507,30.410478898208574
2024-07-31 09:00:00,30.513,30.410478898208574
2024-07-31 10:00:00,30.512,30.30980150166098
2024-07-31 11:00:00,30.524,30.30980150166098
2024-07-31 12:00:00,30.531,30.30980150166098
2024-07-31 13:00:00,30.544,30.30980150166098
2024-07-31 14:00:00,30.537,30.30980150166098
2024-07-31 15:00:00,30.529,30.30980150166098
2024-07-31 16:00:00,30.536,30.30980150166098
2024-07-31 17:00:00,30.536,30.30980150166098
2024-07-31 18:00:00,30.537,30.30980150166098
2024-07-31 19:00:00,30.545,30.30980150166098
2024-07-31 20:00:00,30.542,30.30980150166098
2024-07-31 21:00:00,30.553,30.30980150166098
2024-07-31 22:00:00,30.549,30.30980150166098
2024-07-31 23:00:00,30.56,30.30980150166098
2024-08-01 00:00:00,30.552,30.30980150166098
2024-08-01 01:00:00,30.562,30.30980150166098
2024-08-01 02:00:00,30.532,30.30980150166098
2024-08-01 03:00:00,30.519,30.30980150166098
2024-08-01 04:00:00,30.519,30.30980150166098
2024-08-01 05:00:00,30.516,30.30980150166098
2024-08-01 06:00:00,30.519,30.30980150166098
2024-08-01 07:00:00,30.52,30.30980150166098
2024-08-01 08:00:00,30.51,30.30980150166098
2024-08-01 09:00:00,30.531,30.30980150166098
2024-08-01 10:00:00,30.508,30.44560230281654
2024-08-01 11:00:00,30.47,30.44560230281654
2024-08-01 12:00:00,30.436,30.44560230281654
2024-08-01 13:00:00,30.384,30.44560230281654
2024-08-01 14:00:00,30.364,30.44560230281654
2024-08-01 15:00:00,30.365,30.44560230281654
2024-08-01 16:00:00,30.384,30.44560230281654
2024-08-01 17:00:00,30.419,30.44560230281654
2024-08-01 18:00:00,30.444,30.44560230281654
2024-08-01 19:00:00,30.441,30.44560230281654
2024-08-01 20:00:00,30.453,30.44560230281654
2024-08-01 21:00:00,30.447,30.44560230281654
2024-08-01 22:00:00,30.468,30.44560230281654
2024-08-01 23:00:00,30.465,30.44560230281654
2024-08-02 00:00:00,30.479,30.44560230281654
2024-08-02 01:00:00,30.467,30.44560230281654
2024-08-02 02:00:00,30.49,30.44560230281654
2024-08-02 03:00:00,30.489,30.44560230281654
2024-08-02 04:00:00,30.508,30.44560230281654
2024-08-02 05:00:00,30.499,30.44560230281654
2024-08-02 06:00:00,30.513,30.44560230281654
2024-08-02 07:00:00,30.505,30.44560230281654
2024-08-02 08:00:00,30.499,30.44560230281654
2024-08-02 09:00:00,30.504,30.44560230281654
2024-08-02 10:00:00,30.51,30.512492313953747
2024-08-02 11:00:00,30.532,30.512492313953747
2024-08-02 12:00:00,30.545,30.512492313953747
2024-08-02 13:00:00,30.547,30.512492313953747
2024-08-02 14:00:00,30.55,30.512492313953747
2024-08-02 15:00:00,30.544,30.512492313953747
2024-08-02 16:00:00,30.542,30.512492313953747
2024-08-02 17:00:00,30.544,30.512492313953747
2024-08-02 18:00:00,30.549,30.512492313953747
2024-08-02 19:00:00,30.558,30.512492313953747
2024-08-02 20:00:00,30.565,30.512492313953747
2024-08-02 21:00:00,30.557,30.512492313953747
2024-08-02 22:00:00,30.571,30.512492313953747
2024-08-02 23:00:00,30.568,30.512492313953747
2024-08-03 00:00:00,30.129,30.512492313953747
2024-08-03 01:00:00,29.947,30.512492313953747
2024-08-03 02:00:00,30.043,30.512492313953747
2024-08-03 03:00:00,30.129,30.512492313953747
2024-08-03 04:00:00,30.207,30.512492313953747
2024-08-03 05:00:00,30.278,30.512492313953747
2024-08-03 06:00:00,30.278,30.512492313953747
2024-08-03 07:00:00,30.299,30.512492313953747
2024-08-03 08:00:00,30.332,30.512492313953747
2024-08-03 09:00:00,30.319,30.512492313953747
2024-08-03 10:00:00,30.321,30.528875581365398
2024-08-03 11:00:00,30.343,30.528875581365398
2024-08-03 12:00:00,30.367,30.528875581365398
2024-08-03 13:00:00,30.311,30.528875581365398
2024-08-03 14:00:00,30.312,30.528875581365398
2024-08-03 15:00:00,30.306,30.528875581365398
2024-08-03 16:00:00,30.254,30.528875581365398
2024-08-03 17:00:00,30.197,30.528875581365398
2024-08-03 18:00:00,30.08,30.528875581365398
2024-08-03 19:00:00,30.09,30.528875581365398
2024-08-03 20:00:00,30.137,30.528875581365398
2024-08-03 21:00:00,30.178,30.528875581365398
2024-08-03 22:00:00,30.22,30.528875581365398
2024-08-03 23:00:00,30.141,30.528875581365398
2024-08-04 00:00:00,30.034,30.528875581365398
2024-08-04 01:00:00,29.897,30.528875581365398
2024-08-04 02:00:00,29.868,30.528875581365398
2024-08-04 03:00:00,29.946,30.528875581365398
2024-08-04 04:00:00,30.011,30.528875581365398
2024-08-04 05:00:00,30.087,30.528875581365398
2024-08-04 06:00:00,30.079,30.528875581365398
2024-08-04 07:00:00,30.083,30.528875581365398
2024-08-04 08:00:00,30.081,30.528875581365398
2024-08-04 09:00:00,30.068,30.528875581365398
2024-08-04 10:00:00,29.955,30.502966946032657
2024-08-04 11:00:00,29.823,30.502966946032657
2024-08-04 12:00:00,29.836,30.502966946032657
2024-08-04 13:00:00,29.832,30.502966946032657
2024-08-04 14:00:00,29.8,30.502966946032657
2024-08-04 15:00:00,29.817,30.502966946032657
2024-08-04 16:00:00,29.736,30.502966946032657
2024-08-04 17:00:00,29.759,30.502966946032657
2024-08-04 18:00:00,29.89,30.502966946032657
2024-08-04 19:00:00,29.882,30.502966946032657
2024-08-04 20:00:00,29.896,30.502966946032657
2024-08-04 21:00:00,30.014,30.502966946032657
2024-08-04 22:00:00,29.931,30.502966946032657
2024-08-04 23:00:00,29.884,30.502966946032657
2024-08-05 00:00:00,29.885,30.502966946032657
2024-08-05 01:00:00,30.005,30.502966946032657
2024-08-05 02:00:00,30.052,30.502966946032657
2024-08-05 03:00:00,30.057,30.502966946032657
2024-08-05 04:00:00,30.082,30.502966946032657
2024-08-05 05:00:00,30.081,30.502966946032657
2024-08-05 06:00:00,30.124,30.502966946032657
2024-08-05 07:00:00,30.123,30.502966946032657
2024-08-05 08:00:00,30.142,30.502966946032657
2024-08-05 09:00:00,30.149,30.502966946032657
2024-08-05 10:00:00,30.16225,30.32293737373362
2024-08-05 11:00:00,30.1755,30.32293737373362
2024-08-05 12:00:00,30.188750000000002,30.32293737373362
2024-08-05 13:00:00,30.202,30.32293737373362
2024-08-05 14:00:00,30.222,30.32293737373362
2024-08-05 15:00:00,30.23,30.32293737373362
2024-08-05 16:00:00,30.247,30.32293737373362
2024-08-05 17:00:00,30.245,30.32293737373362
2024-08-05 18:00:00,30.199,30.32293737373362
2024-08-05 19:00:00,30.195,30.32293737373362
2024-08-05 20:00:00,30.205,30.32293737373362
2024-08-05 21:00:00,30.213,30.32293737373362
2024-08-05 22:00:00,30.232,30.32293737373362
2024-08-05 23:00:00,30.24,30.32293737373362
2024-08-06 00:00:00,30.172,30.32293737373362
2024-08-06 01:00:00,30.077,30.32293737373362
2024-08-06 02:00:00,30.086,30.32293737373362
2024-08-06 03:00:00,30.064,30.32293737373362
2024-08-06 04:00:00,30.104,30.32293737373362
2024-08-06 05:00:00,30.149,30.32293737373362
2024-08-06 06:00:00,30.195,30.32293737373362
2024-08-06 07:00:00,30.208,30.32293737373362
2024-08-06 08:00:00,30.214,30.32293737373362
2024-08-06 09:00:00,30.252,30.32293737373362
2024-08-06 10:00:00,30.271,30.068539140535584
2024-08-06 11:00:00,30.278,30.068539140535584
2024-08-06 12:00:00,30.299,30.068539140535584
2024-08-06 13:00:00,30.293,30.068539140535584
2024-08-06 14:00:00,30.3,30.068539140535584
2024-08-06 15:00:00,30.255,30.068539140535584
2024-08-06 16:00:00,30.17,30.068539140535584
2024-08-06 17:00:00,30.222,30.068539140535584
2024-08-06 18:00:00,30.093,30.068539140535584
2024-08-06 19:00:00,29.919,30.068539140535584
2024-08-06 20:00:00,29.985,30.068539140535584
2024-08-06 21:00:00,30.05,30.068539140535584
2024-08-06 22:00:00,30.075,30.068539140535584
2024-08-06 23:00:00,29.963,30.068539140535584
2024-08-07 00:00:00,29.925,30.068539140535584
2024-08-07 01:00:00,29.977,30.068539140535584
2024-08-07 02:00:00,30.033,30.068539140535584
2024-08-07 03:00:00,30.074,30.068539140535584
2024-08-07 04:00:00,30.086,30.068539140535584
2024-08-07 05:00:00,30.125,30.068539140535584
2024-08-07 06:00:00,30.141,30.068539140535584
2024-08-07 07:00:00,30.152,30.068539140535584
2024-08-07 08:00:00,30.164,30.068539140535584
2024-08-07 09:00:00,30.173,30.068539140535584
2024-08-07 10:00:00,30.193,30.150006925719744
2024-08-07 11:00:00,30.827142857142857,30.150006925719744
2024-08-07 12:00:00,30.825714285714284,30.150006925719744
2024-08-07 13:00:00,30.82428571428571,30.150006925719744
2024-08-07 14:00:00,30.822857142857142,30.150006925719744
2024-08-07 15:00:00,30.82142857142857,30.150006925719744
2024-08-07 16:00:00,30.82,30.150006925719744
2024-08-07 17:00:00,30.818571428571428,30.150006925719744
2024-08-07 18:00:00,30.817142857142855,30.150006925719744
2024-08-07 19:00:00,30.815714285714286,30.150006925719744
2024-08-07 20:00:00,30.814285714285713,30.150006925719744
2024-08-07 21:00:00,30.81285714285714,30.150006925719744
2024-08-07 22:00:00,30.81142857142857,30.150006925719744
2024-08-07 23:00:00,30.81,30.150006925719744
2024-08-08 00:00:00,30.81083333333333,30.150006925719744
2024-08-08 01:00:00,30.811666666666667,30.150006925719744
2024-08-08 02:00:00,30.8125,30.150006925719744
2024-08-08 03:00:00,30.813333333333333,30.150006925719744
2024-08-08 04:00:00,30.81416666666667,30.150006925719744
2024-08-08 05:00:00,30.815,30.150006925719744
2024-08-08 06:00:00,30.819,30.150006925719744
2024-08-08 07:00:00,30.819,30.150006925719744
2024-08-08 08:00:00,30.819,30.150006925719744
2024-08-08 09:00:00,30.819,30.150006925719744
2024-08-08 10:00:00,30.819,30.25015031885589
2024-08-08 11:00:00,30.819,30.25015031885589
2024-08-08 12:00:00,30.819,30.25015031885589
2024-08-08 13:00:00,30.818,30.25015031885589
2024-08-08 14:00:00,30.819333333333333,30.25015031885589
2024-08-08 15:00:00,30.820666666666668,30.25015031885589
2024-08-08 16:00:00,30.822000000000003,30.25015031885589
2024-08-08 17:00:00,30.823333333333334,30.25015031885589
2024-08-08 18:00:00,30.824666666666666,30.25015031885589
2024-08-08 19:00:00,30.826,30.25015031885589
2024-08-08 20:00:00,30.824,30.25015031885589
2024-08-08 21:00:00,30.824278301886793,30.25015031885589
2024-08-08 22:00:00,30.824556603773587,30.25015031885589
2024-08-08 23:00:00,30.824834905660378,30.25015031885589
2024-08-09 00:00:00,30.825113207547172,30.25015031885589
2024-08-09 01:00:00,30.825391509433963,30.25015031885589
2024-08-09 02:00:00,30.825669811320758,30.25015031885589
2024-08-09 03:00:00,30.82594811320755,30.25015031885589
2024-08-09 04:00:00,30.82622641509434,30.25015031885589
2024-08-09 05:00:00,30.826504716981134,30.25015031885589
2024-08-09 06:00:00,30.826783018867925,30.25015031885589
2024-08-09 07:00:00,30.82706132075472,30.25015031885589
2024-08-09 08:00:00,30.82733962264151,30.25015031885589
2024-08-09 09:00:00,30.827617924528305,30.25015031885589
2024-08-09 10:00:00,30.827896226415096,30.173555114364238
2024-11-03 12:00:00,30.82817452830189,30.173555114364238
2024-11-03 13:00:00,30.82845283018868,30.173555114364238
2024-11-03 14:00:00,30.828731132075472,30.173555114364238
2024-11-03 15:00:00,30.829009433962266,30.173555114364238
2024-11-03 16:00:00,30.829287735849057,30.173555114364238
2024-11-03 17:00:00,30.82956603773585,30.173555114364238
2024-11-03 18:00:00,30.829844339622642,30.173555114364238
2024-11-03 19:00:00,30.830122641509437,30.173555114364238
2024-11-03 20:00:00,30.830400943396228,30.173555114364238
2024-11-03 21:00:00,30.83067924528302,30.173555114364238
2024-11-03 22:00:00,30.83067924528302,30.173555114364238
2024-11-03 23:00:00,30.83067924528302,30.173555114364238
2024-11-04 00:00:00,30.83095792892823,30.173555114364238
2024-11-04 01:00:00,30.83123661257344,30.173555114364238
2024-11-04 02:00:00,30.83151529621865,30.173555114364238
2024-11-04 03:00:00,30.83179397986386,30.173555114364238
2024-11-04 04:00:00,30.83207266350907,30.173555114364238
2024-11-04 05:00:00,30.832351347154283,30.173555114364238
2024-11-04 06:00:00,30.832630030799493,30.173555114364238
2024-11-04 07:00:00,30.832908714444702,30.173555114364238
2024-11-04 08:00:00,30.833187398089915,30.173555114364238
2024-11-04 09:00:00,30.833466081735125,30.173555114364238
2024-11-04 10:00:00,30.833744765380334,30.173555114364238
2024-11-04 11:00:00,30.834023449025544,30.818976031501922
2024-11-04 12:00:00,30.834302132670757,30.818976031501922
2024-11-04 13:00:00,30.834580816315967,30.818976031501922
2024-11-04 14:00:00,30.834859499961176,30.818976031501922
2024-11-04 15:00:00,30.835138183606386,30.818976031501922
2024-11-04 16:00:00,30.8354168672516,30.818976031501922
2024-11-04 17:00:00,30.83569555089681,30.818976031501922
2024-11-04 18:00:00,30.835974234542018,30.818976031501922
2024-11-04 19:00:00,30.83625291818723,30.818976031501922
2024-11-04 20:00:00,30.83653160183244,30.818976031501922
2024-11-04 21:00:00,30.83681028547765,30.818976031501922
2024-11-04 22:00:00,30.83708896912286,30.818976031501922
2024-11-04 23:00:00,30.837367652768073,30.818976031501922
2024-11-05 00:00:00,30.837367652768073,30.818976031501922
2024-11-05 01:00:00,30.837367652768073,30.818976031501922
2024-11-05 02:00:00,30.837367652768073,30.818976031501922
2024-11-05 03:00:00,30.837367652768073,30.818976031501922
2024-11-05 04:00:00,30.837367652768073,30.818976031501922
2024-11-05 05:00:00,30.837367652768073,30.818976031501922
2024-11-05 06:00:00,30.837367652768073,30.818976031501922
2024-11-05 07:00:00,30.837367652768073,30.818976031501922
2024-11-05 08:00:00,30.837367652768073,30.818976031501922
2024-11-05 09:00:00,30.837367652768073,30.818976031501922
2024-11-05 10:00:00,30.837367652768073,30.818976031501922
2024-11-05 11:00:00,30.837367652768073,30.82762915136002
2024-11-05 12:00:00,30.837367652768073,30.82762915136002
2024-11-05 13:00:00,30.837367652768073,30.82762915136002
2024-11-05 14:00:00,30.837367652768073,30.82762915136002
2024-11-05 15:00:00,30.837367652768073,30.82762915136002
2024-11-05 16:00:00,30.837367652768073,30.82762915136002
2024-11-05 17:00:00,30.837367652768073,30.82762915136002
2024-11-05 18:00:00,30.837367652768073,30.82762915136002
2024-11-05 19:00:00,30.837367652768073,30.82762915136002
2024-11-05 20:00:00,30.837367652768073,30.82762915136002
2024-11-05 21:00:00,30.837367652768073,30.82762915136002
2024-11-05 22:00:00,30.837367652768073,30.82762915136002
2024-11-05 23:00:00,30.837367652768073,30.82762915136002
2024-11-06 00:00:00,30.837367652768073,30.82762915136002
2024-11-06 01:00:00,30.837367652768073,30.82762915136002
2024-11-06 02:00:00,30.837367652768073,30.82762915136002
2024-11-06 03:00:00,30.837367652768073,30.82762915136002
2024-11-06 04:00:00,30.837367652768073,30.82762915136002
2024-11-06 05:00:00,30.837367652768073,30.82762915136002
2024-11-06 06:00:00,30.837367652768073,30.82762915136002
2024-11-06 07:00:00,30.837367652768073,30.82762915136002
2024-11-06 08:00:00,30.837367652768073,30.82762915136002
2024-11-06 09:00:00,30.837367652768073,30.82762915136002
2024-11-06 10:00:00,30.837367652768073,30.82762915136002
2024-11-06 11:00:00,30.837367652768073,30.8337560067542
2024-11-06 12:00:00,30.837367652768073,30.8337560067542
2024-11-06 13:00:00,30.837367652768073,30.8337560067542
2024-11-06 14:00:00,30.837367652768073,30.8337560067542
2024-11-06 15:00:00,30.837367652768073,30.8337560067542
2024-11-06 16:00:00,30.837367652768073,30.8337560067542
2024-11-06 17:00:00,30.837367652768073,30.8337560067542
2024-11-06 18:00:00,30.837367652768073,30.8337560067542
2024-11-06 19:00:00,30.837367652768073,30.8337560067542
2024-11-06 20:00:00,30.837367652768073,30.8337560067542
2024-11-06 21:00:00,30.837367652768073,30.8337560067542
2024-11-06 22:00:00,30.837367652768073,30.8337560067542
2024-11-06 23:00:00,30.837367652768073,30.8337560067542
2024-11-07 00:00:00,31.237,30.8337560067542
2024-11-07 01:00:00,31.237,30.8337560067542
2024-11-07 02:00:00,31.237,30.8337560067542
2024-11-07 03:00:00,31.237,30.8337560067542
2024-11-07 04:00:00,31.237,30.8337560067542
2024-11-07 05:00:00,31.237,30.8337560067542
2024-11-07 06:00:00,31.237,30.8337560067542
